BATCH_START|1|2026-09-27T15:20:14Z
Appending 1000 rentals and payments to the SYD source...
BEGIN
SET
psql:/home/opc/ogg_dvd_lab/01_load_source.sql:43: NOTICE:  Appended: 1000 rentals/payments, 100 customers/addresses, 50 films, 25 actors, 200 inventory, 150 cast links, 50 category links
CALL
COMMIT
Source data load completed.
BATCH_COMMIT|1|2026-09-27T15:20:15Z
BATCH_START|2|2026-09-27T15:20:17Z
Appending 1000 rentals and payments to the SYD source...
BEGIN
SET
psql:/home/opc/ogg_dvd_lab/01_load_source.sql:43: NOTICE:  Appended: 1000 rentals/payments, 100 customers/addresses, 50 films, 25 actors, 200 inventory, 150 cast links, 50 category links
CALL
COMMIT
Source data load completed.
BATCH_COMMIT|2|2026-09-27T15:20:17Z
BATCH_START|3|2026-09-27T15:20:19Z
Appending 1000 rentals and payments to the SYD source...
BEGIN
SET
psql:/home/opc/ogg_dvd_lab/01_load_source.sql:43: NOTICE:  Appended: 1000 rentals/payments, 100 customers/addresses, 50 films, 25 actors, 200 inventory, 150 cast links, 50 category links
CALL
COMMIT
Source data load completed.
BATCH_COMMIT|3|2026-09-27T15:20:19Z
BATCH_START|4|2026-09-27T15:20:21Z
Appending 1000 rentals and payments to the SYD source...
BEGIN
SET
psql:/home/opc/ogg_dvd_lab/01_load_source.sql:43: NOTICE:  Appended: 1000 rentals/payments, 100 customers/addresses, 50 films, 25 actors, 200 inventory, 150 cast links, 50 category links
CALL
COMMIT
Source data load completed.
BATCH_COMMIT|4|2026-09-27T15:20:21Z
BATCH_START|5|2026-09-27T15:20:23Z
Appending 1000 rentals and payments to the SYD source...
BEGIN
SET
psql:/home/opc/ogg_dvd_lab/01_load_source.sql:43: NOTICE:  Appended: 1000 rentals/payments, 100 customers/addresses, 50 films, 25 actors, 200 inventory, 150 cast links, 50 category links
CALL
COMMIT
Source data load completed.
BATCH_COMMIT|5|2026-09-27T15:20:24Z
BATCH_START|6|2026-09-27T15:20:26Z
Appending 1000 rentals and payments to the SYD source...
BEGIN
SET
psql:/home/opc/ogg_dvd_lab/01_load_source.sql:43: NOTICE:  Appended: 1000 rentals/payments, 100 customers/addresses, 50 films, 25 actors, 200 inventory, 150 cast links, 50 category links
CALL
COMMIT
Source data load completed.
BATCH_COMMIT|6|2026-09-27T15:20:26Z
BATCH_START|7|2026-09-27T15:20:28Z
Appending 1000 rentals and payments to the SYD source...
BEGIN
SET
psql:/home/opc/ogg_dvd_lab/01_load_source.sql:43: NOTICE:  Appended: 1000 rentals/payments, 100 customers/addresses, 50 films, 25 actors, 200 inventory, 150 cast links, 50 category links
CALL
COMMIT
Source data load completed.
BATCH_COMMIT|7|2026-09-27T15:20:28Z
BATCH_START|8|2026-09-27T15:20:30Z
Appending 1000 rentals and payments to the SYD source...
BEGIN
SET
psql:/home/opc/ogg_dvd_lab/01_load_source.sql:43: NOTICE:  Appended: 1000 rentals/payments, 100 customers/addresses, 50 films, 25 actors, 200 inventory, 150 cast links, 50 category links
CALL
COMMIT
Source data load completed.
BATCH_COMMIT|8|2026-09-27T15:20:30Z
BATCH_START|9|2026-09-27T15:20:32Z
Appending 1000 rentals and payments to the SYD source...
BEGIN
SET
psql:/home/opc/ogg_dvd_lab/01_load_source.sql:43: NOTICE:  Appended: 1000 rentals/payments, 100 customers/addresses, 50 films, 25 actors, 200 inventory, 150 cast links, 50 category links
CALL
COMMIT
Source data load completed.
BATCH_COMMIT|9|2026-09-27T15:20:32Z
BATCH_START|10|2026-09-27T15:20:34Z
Appending 1000 rentals and payments to the SYD source...
BEGIN
SET
psql:/home/opc/ogg_dvd_lab/01_load_source.sql:43: NOTICE:  Appended: 1000 rentals/payments, 100 customers/addresses, 50 films, 25 actors, 200 inventory, 150 cast links, 50 category links
CALL
COMMIT
Source data load completed.
BATCH_COMMIT|10|2026-09-27T15:20:34Z
BATCH_START|11|2026-09-27T15:20:36Z
Appending 1000 rentals and payments to the SYD source...
BEGIN
SET
psql:/home/opc/ogg_dvd_lab/01_load_source.sql:43: NOTICE:  Appended: 1000 rentals/payments, 100 customers/addresses, 50 films, 25 actors, 200 inventory, 150 cast links, 50 category links
CALL
COMMIT
Source data load completed.
BATCH_COMMIT|11|2026-09-27T15:20:36Z
BATCH_START|12|2026-09-27T15:20:38Z
Appending 1000 rentals and payments to the SYD source...
BEGIN
SET
psql:/home/opc/ogg_dvd_lab/01_load_source.sql:43: NOTICE:  Appended: 1000 rentals/payments, 100 customers/addresses, 50 films, 25 actors, 200 inventory, 150 cast links, 50 category links
CALL
COMMIT
Source data load completed.
BATCH_COMMIT|12|2026-09-27T15:20:39Z
BATCH_START|13|2026-09-27T15:20:41Z
Appending 1000 rentals and payments to the SYD source...
BEGIN
SET
psql:/home/opc/ogg_dvd_lab/01_load_source.sql:43: NOTICE:  Appended: 1000 rentals/payments, 100 customers/addresses, 50 films, 25 actors, 200 inventory, 150 cast links, 50 category links
CALL
COMMIT
Source data load completed.
BATCH_COMMIT|13|2026-09-27T15:20:41Z
BATCH_START|14|2026-09-27T15:20:43Z
Appending 1000 rentals and payments to the SYD source...
BEGIN
SET
psql:/home/opc/ogg_dvd_lab/01_load_source.sql:43: NOTICE:  Appended: 1000 rentals/payments, 100 customers/addresses, 50 films, 25 actors, 200 inventory, 150 cast links, 50 category links
CALL
COMMIT
Source data load completed.
BATCH_COMMIT|14|2026-09-27T15:20:43Z
BATCH_START|15|2026-09-27T15:20:45Z
Appending 1000 rentals and payments to the SYD source...
BEGIN
SET
psql:/home/opc/ogg_dvd_lab/01_load_source.sql:43: NOTICE:  Appended: 1000 rentals/payments, 100 customers/addresses, 50 films, 25 actors, 200 inventory, 150 cast links, 50 category links
CALL
COMMIT
Source data load completed.
BATCH_COMMIT|15|2026-09-27T15:20:45Z
BATCH_START|16|2026-09-27T15:20:47Z
Appending 1000 rentals and payments to the SYD source...
BEGIN
SET
psql:/home/opc/ogg_dvd_lab/01_load_source.sql:43: NOTICE:  Appended: 1000 rentals/payments, 100 customers/addresses, 50 films, 25 actors, 200 inventory, 150 cast links, 50 category links
CALL
COMMIT
Source data load completed.
BATCH_COMMIT|16|2026-09-27T15:20:47Z
BATCH_START|17|2026-09-27T15:20:49Z
Appending 1000 rentals and payments to the SYD source...
BEGIN
SET
psql:/home/opc/ogg_dvd_lab/01_load_source.sql:43: NOTICE:  Appended: 1000 rentals/payments, 100 customers/addresses, 50 films, 25 actors, 200 inventory, 150 cast links, 50 category links
CALL
COMMIT
Source data load completed.
BATCH_COMMIT|17|2026-09-27T15:20:49Z
BATCH_START|18|2026-09-27T15:20:51Z
Appending 1000 rentals and payments to the SYD source...
BEGIN
SET
psql:/home/opc/ogg_dvd_lab/01_load_source.sql:43: NOTICE:  Appended: 1000 rentals/payments, 100 customers/addresses, 50 films, 25 actors, 200 inventory, 150 cast links, 50 category links
CALL
COMMIT
Source data load completed.
BATCH_COMMIT|18|2026-09-27T15:20:51Z
BATCH_START|19|2026-09-27T15:20:53Z
Appending 1000 rentals and payments to the SYD source...
BEGIN
SET
psql:/home/opc/ogg_dvd_lab/01_load_source.sql:43: NOTICE:  Appended: 1000 rentals/payments, 100 customers/addresses, 50 films, 25 actors, 200 inventory, 150 cast links, 50 category links
CALL
COMMIT
Source data load completed.
BATCH_COMMIT|19|2026-09-27T15:20:53Z
BATCH_START|20|2026-09-27T15:20:55Z
Appending 1000 rentals and payments to the SYD source...
BEGIN
SET
psql:/home/opc/ogg_dvd_lab/01_load_source.sql:43: NOTICE:  Appended: 1000 rentals/payments, 100 customers/addresses, 50 films, 25 actors, 200 inventory, 150 cast links, 50 category links
CALL
COMMIT
Source data load completed.
BATCH_COMMIT|20|2026-09-27T15:20:56Z
BATCH_START|21|2026-09-27T15:20:58Z
Appending 1000 rentals and payments to the SYD source...
BEGIN
SET
psql:/home/opc/ogg_dvd_lab/01_load_source.sql:43: NOTICE:  Appended: 1000 rentals/payments, 100 customers/addresses, 50 films, 25 actors, 200 inventory, 150 cast links, 50 category links
CALL
COMMIT
Source data load completed.
BATCH_COMMIT|21|2026-09-27T15:20:58Z
BATCH_START|22|2026-09-27T15:21:00Z
Appending 1000 rentals and payments to the SYD source...
BEGIN
SET
psql:/home/opc/ogg_dvd_lab/01_load_source.sql:43: NOTICE:  Appended: 1000 rentals/payments, 100 customers/addresses, 50 films, 25 actors, 200 inventory, 150 cast links, 50 category links
CALL
COMMIT
Source data load completed.
BATCH_COMMIT|22|2026-09-27T15:21:00Z
BATCH_START|23|2026-09-27T15:21:02Z
Appending 1000 rentals and payments to the SYD source...
BEGIN
SET
psql:/home/opc/ogg_dvd_lab/01_load_source.sql:43: NOTICE:  Appended: 1000 rentals/payments, 100 customers/addresses, 50 films, 25 actors, 200 inventory, 150 cast links, 50 category links
CALL
COMMIT
Source data load completed.
BATCH_COMMIT|23|2026-09-27T15:21:02Z
BATCH_START|24|2026-09-27T15:21:04Z
Appending 1000 rentals and payments to the SYD source...
BEGIN
SET
psql:/home/opc/ogg_dvd_lab/01_load_source.sql:43: NOTICE:  Appended: 1000 rentals/payments, 100 customers/addresses, 50 films, 25 actors, 200 inventory, 150 cast links, 50 category links
CALL
COMMIT
Source data load completed.
BATCH_COMMIT|24|2026-09-27T15:21:04Z
BATCH_START|25|2026-09-27T15:21:06Z
Appending 1000 rentals and payments to the SYD source...
BEGIN
SET
psql:/home/opc/ogg_dvd_lab/01_load_source.sql:43: NOTICE:  Appended: 1000 rentals/payments, 100 customers/addresses, 50 films, 25 actors, 200 inventory, 150 cast links, 50 category links
CALL
COMMIT
Source data load completed.
BATCH_COMMIT|25|2026-09-27T15:21:06Z
BATCH_START|26|2026-09-27T15:21:08Z
Appending 1000 rentals and payments to the SYD source...
BEGIN
SET
psql:/home/opc/ogg_dvd_lab/01_load_source.sql:43: NOTICE:  Appended: 1000 rentals/payments, 100 customers/addresses, 50 films, 25 actors, 200 inventory, 150 cast links, 50 category links
CALL
COMMIT
Source data load completed.
BATCH_COMMIT|26|2026-09-27T15:21:08Z
BATCH_START|27|2026-09-27T15:21:10Z
Appending 1000 rentals and payments to the SYD source...
BEGIN
SET
psql:/home/opc/ogg_dvd_lab/01_load_source.sql:43: NOTICE:  Appended: 1000 rentals/payments, 100 customers/addresses, 50 films, 25 actors, 200 inventory, 150 cast links, 50 category links
CALL
COMMIT
Source data load completed.
BATCH_COMMIT|27|2026-09-27T15:21:10Z
BATCH_START|28|2026-09-27T15:21:12Z
Appending 1000 rentals and payments to the SYD source...
BEGIN
SET
psql:/home/opc/ogg_dvd_lab/01_load_source.sql:43: NOTICE:  Appended: 1000 rentals/payments, 100 customers/addresses, 50 films, 25 actors, 200 inventory, 150 cast links, 50 category links
CALL
COMMIT
Source data load completed.
BATCH_COMMIT|28|2026-09-27T15:21:13Z
BATCH_START|29|2026-09-27T15:21:15Z
Appending 1000 rentals and payments to the SYD source...
BEGIN
SET
psql:/home/opc/ogg_dvd_lab/01_load_source.sql:43: NOTICE:  Appended: 1000 rentals/payments, 100 customers/addresses, 50 films, 25 actors, 200 inventory, 150 cast links, 50 category links
CALL
COMMIT
Source data load completed.
BATCH_COMMIT|29|2026-09-27T15:21:15Z
BATCH_START|30|2026-09-27T15:21:17Z
Appending 1000 rentals and payments to the SYD source...
BEGIN
SET
psql:/home/opc/ogg_dvd_lab/01_load_source.sql:43: NOTICE:  Appended: 1000 rentals/payments, 100 customers/addresses, 50 films, 25 actors, 200 inventory, 150 cast links, 50 category links
CALL
COMMIT
Source data load completed.
BATCH_COMMIT|30|2026-09-27T15:21:17Z
BATCH_START|31|2026-09-27T15:21:19Z
Appending 1000 rentals and payments to the SYD source...
BEGIN
SET
psql:/home/opc/ogg_dvd_lab/01_load_source.sql:43: NOTICE:  Appended: 1000 rentals/payments, 100 customers/addresses, 50 films, 25 actors, 200 inventory, 150 cast links, 50 category links
CALL
COMMIT
Source data load completed.
BATCH_COMMIT|31|2026-09-27T15:21:19Z
BATCH_START|32|2026-09-27T15:21:21Z
Appending 1000 rentals and payments to the SYD source...
BEGIN
SET
psql:/home/opc/ogg_dvd_lab/01_load_source.sql:43: NOTICE:  Appended: 1000 rentals/payments, 100 customers/addresses, 50 films, 25 actors, 200 inventory, 150 cast links, 50 category links
CALL
COMMIT
Source data load completed.
BATCH_COMMIT|32|2026-09-27T15:21:21Z
BATCH_START|33|2026-09-27T15:21:23Z
Appending 1000 rentals and payments to the SYD source...
BEGIN
SET
psql:/home/opc/ogg_dvd_lab/01_load_source.sql:43: NOTICE:  Appended: 1000 rentals/payments, 100 customers/addresses, 50 films, 25 actors, 200 inventory, 150 cast links, 50 category links
CALL
COMMIT
Source data load completed.
BATCH_COMMIT|33|2026-09-27T15:21:23Z
BATCH_START|34|2026-09-27T15:21:25Z
Appending 1000 rentals and payments to the SYD source...
BEGIN
SET
psql:/home/opc/ogg_dvd_lab/01_load_source.sql:43: NOTICE:  Appended: 1000 rentals/payments, 100 customers/addresses, 50 films, 25 actors, 200 inventory, 150 cast links, 50 category links
CALL
COMMIT
Source data load completed.
BATCH_COMMIT|34|2026-09-27T15:21:25Z
BATCH_START|35|2026-09-27T15:21:27Z
Appending 1000 rentals and payments to the SYD source...
BEGIN
SET
psql:/home/opc/ogg_dvd_lab/01_load_source.sql:43: NOTICE:  Appended: 1000 rentals/payments, 100 customers/addresses, 50 films, 25 actors, 200 inventory, 150 cast links, 50 category links
CALL
COMMIT
Source data load completed.
BATCH_COMMIT|35|2026-09-27T15:21:27Z
BATCH_START|36|2026-09-27T15:21:29Z
Appending 1000 rentals and payments to the SYD source...
BEGIN
SET
psql:/home/opc/ogg_dvd_lab/01_load_source.sql:43: NOTICE:  Appended: 1000 rentals/payments, 100 customers/addresses, 50 films, 25 actors, 200 inventory, 150 cast links, 50 category links
CALL
COMMIT
Source data load completed.
BATCH_COMMIT|36|2026-09-27T15:21:29Z
BATCH_START|37|2026-09-27T15:21:31Z
Appending 1000 rentals and payments to the SYD source...
BEGIN
SET
psql:/home/opc/ogg_dvd_lab/01_load_source.sql:43: NOTICE:  Appended: 1000 rentals/payments, 100 customers/addresses, 50 films, 25 actors, 200 inventory, 150 cast links, 50 category links
CALL
COMMIT
Source data load completed.
BATCH_COMMIT|37|2026-09-27T15:21:31Z
BATCH_START|38|2026-09-27T15:21:33Z
Appending 1000 rentals and payments to the SYD source...
BEGIN
SET
psql:/home/opc/ogg_dvd_lab/01_load_source.sql:43: NOTICE:  Appended: 1000 rentals/payments, 100 customers/addresses, 50 films, 25 actors, 200 inventory, 150 cast links, 50 category links
CALL
COMMIT
Source data load completed.
BATCH_COMMIT|38|2026-09-27T15:21:34Z
BATCH_START|39|2026-09-27T15:21:36Z
Appending 1000 rentals and payments to the SYD source...
BEGIN
SET
psql:/home/opc/ogg_dvd_lab/01_load_source.sql:43: NOTICE:  Appended: 1000 rentals/payments, 100 customers/addresses, 50 films, 25 actors, 200 inventory, 150 cast links, 50 category links
CALL
COMMIT
Source data load completed.
BATCH_COMMIT|39|2026-09-27T15:21:36Z
BATCH_START|40|2026-09-27T15:21:38Z
Appending 1000 rentals and payments to the SYD source...
BEGIN
SET
psql:/home/opc/ogg_dvd_lab/01_load_source.sql:43: NOTICE:  Appended: 1000 rentals/payments, 100 customers/addresses, 50 films, 25 actors, 200 inventory, 150 cast links, 50 category links
CALL
COMMIT
Source data load completed.
BATCH_COMMIT|40|2026-09-27T15:21:38Z
BATCH_START|41|2026-09-27T15:21:40Z
Appending 1000 rentals and payments to the SYD source...
BEGIN
SET
psql:/home/opc/ogg_dvd_lab/01_load_source.sql:43: NOTICE:  Appended: 1000 rentals/payments, 100 customers/addresses, 50 films, 25 actors, 200 inventory, 150 cast links, 50 category links
CALL
COMMIT
Source data load completed.
BATCH_COMMIT|41|2026-09-27T15:21:40Z
BATCH_START|42|2026-09-27T15:21:42Z
Appending 1000 rentals and payments to the SYD source...
BEGIN
SET
psql:/home/opc/ogg_dvd_lab/01_load_source.sql:43: NOTICE:  Appended: 1000 rentals/payments, 100 customers/addresses, 50 films, 25 actors, 200 inventory, 150 cast links, 50 category links
CALL
COMMIT
Source data load completed.
BATCH_COMMIT|42|2026-09-27T15:21:42Z
BATCH_START|43|2026-09-27T15:21:44Z
Appending 1000 rentals and payments to the SYD source...
BEGIN
SET
psql:/home/opc/ogg_dvd_lab/01_load_source.sql:43: NOTICE:  Appended: 1000 rentals/payments, 100 customers/addresses, 50 films, 25 actors, 200 inventory, 150 cast links, 50 category links
CALL
COMMIT
Source data load completed.
BATCH_COMMIT|43|2026-09-27T15:21:45Z
BATCH_START|44|2026-09-27T15:21:47Z
Appending 1000 rentals and payments to the SYD source...
BEGIN
SET
psql:/home/opc/ogg_dvd_lab/01_load_source.sql:43: NOTICE:  Appended: 1000 rentals/payments, 100 customers/addresses, 50 films, 25 actors, 200 inventory, 150 cast links, 50 category links
CALL
COMMIT
Source data load completed.
BATCH_COMMIT|44|2026-09-27T15:21:47Z
BATCH_START|45|2026-09-27T15:21:49Z
Appending 1000 rentals and payments to the SYD source...
BEGIN
SET
psql:/home/opc/ogg_dvd_lab/01_load_source.sql:43: NOTICE:  Appended: 1000 rentals/payments, 100 customers/addresses, 50 films, 25 actors, 200 inventory, 150 cast links, 50 category links
CALL
COMMIT
Source data load completed.
BATCH_COMMIT|45|2026-09-27T15:21:49Z
BATCH_START|46|2026-09-27T15:21:51Z
Appending 1000 rentals and payments to the SYD source...
BEGIN
SET
psql:/home/opc/ogg_dvd_lab/01_load_source.sql:43: NOTICE:  Appended: 1000 rentals/payments, 100 customers/addresses, 50 films, 25 actors, 200 inventory, 150 cast links, 50 category links
CALL
COMMIT
Source data load completed.
BATCH_COMMIT|46|2026-09-27T15:21:51Z
BATCH_START|47|2026-09-27T15:21:53Z
Appending 1000 rentals and payments to the SYD source...
BEGIN
SET
psql:/home/opc/ogg_dvd_lab/01_load_source.sql:43: NOTICE:  Appended: 1000 rentals/payments, 100 customers/addresses, 50 films, 25 actors, 200 inventory, 150 cast links, 50 category links
CALL
COMMIT
Source data load completed.
BATCH_COMMIT|47|2026-09-27T15:21:53Z
BATCH_START|48|2026-09-27T15:21:55Z
Appending 1000 rentals and payments to the SYD source...
BEGIN
SET
psql:/home/opc/ogg_dvd_lab/01_load_source.sql:43: NOTICE:  Appended: 1000 rentals/payments, 100 customers/addresses, 50 films, 25 actors, 200 inventory, 150 cast links, 50 category links
CALL
COMMIT
Source data load completed.
BATCH_COMMIT|48|2026-09-27T15:21:55Z
BATCH_START|49|2026-09-27T15:21:57Z
Appending 1000 rentals and payments to the SYD source...
BEGIN
SET
psql:/home/opc/ogg_dvd_lab/01_load_source.sql:43: NOTICE:  Appended: 1000 rentals/payments, 100 customers/addresses, 50 films, 25 actors, 200 inventory, 150 cast links, 50 category links
CALL
COMMIT
Source data load completed.
BATCH_COMMIT|49|2026-09-27T15:21:57Z
BATCH_START|50|2026-09-27T15:21:59Z
Appending 1000 rentals and payments to the SYD source...
BEGIN
SET
psql:/home/opc/ogg_dvd_lab/01_load_source.sql:43: NOTICE:  Appended: 1000 rentals/payments, 100 customers/addresses, 50 films, 25 actors, 200 inventory, 150 cast links, 50 category links
CALL
COMMIT
Source data load completed.
BATCH_COMMIT|50|2026-09-27T15:22:00Z
BATCH_START|51|2026-09-27T15:22:02Z
Appending 1000 rentals and payments to the SYD source...
BEGIN
SET
psql:/home/opc/ogg_dvd_lab/01_load_source.sql:43: NOTICE:  Appended: 1000 rentals/payments, 100 customers/addresses, 50 films, 25 actors, 200 inventory, 150 cast links, 50 category links
CALL
COMMIT
Source data load completed.
BATCH_COMMIT|51|2026-09-27T15:22:02Z
BATCH_START|52|2026-09-27T15:22:04Z
Appending 1000 rentals and payments to the SYD source...
BEGIN
SET
psql:/home/opc/ogg_dvd_lab/01_load_source.sql:43: NOTICE:  Appended: 1000 rentals/payments, 100 customers/addresses, 50 films, 25 actors, 200 inventory, 150 cast links, 50 category links
CALL
COMMIT
Source data load completed.
BATCH_COMMIT|52|2026-09-27T15:22:04Z
BATCH_START|53|2026-09-27T15:22:06Z
Appending 1000 rentals and payments to the SYD source...
BEGIN
SET
psql:/home/opc/ogg_dvd_lab/01_load_source.sql:43: NOTICE:  Appended: 1000 rentals/payments, 100 customers/addresses, 50 films, 25 actors, 200 inventory, 150 cast links, 50 category links
CALL
COMMIT
Source data load completed.
BATCH_COMMIT|53|2026-09-27T15:22:06Z
BATCH_START|54|2026-09-27T15:22:08Z
Appending 1000 rentals and payments to the SYD source...
BEGIN
SET
psql:/home/opc/ogg_dvd_lab/01_load_source.sql:43: NOTICE:  Appended: 1000 rentals/payments, 100 customers/addresses, 50 films, 25 actors, 200 inventory, 150 cast links, 50 category links
CALL
COMMIT
Source data load completed.
BATCH_COMMIT|54|2026-09-27T15:22:08Z
BATCH_START|55|2026-09-27T15:22:10Z
Appending 1000 rentals and payments to the SYD source...
BEGIN
SET
psql:/home/opc/ogg_dvd_lab/01_load_source.sql:43: NOTICE:  Appended: 1000 rentals/payments, 100 customers/addresses, 50 films, 25 actors, 200 inventory, 150 cast links, 50 category links
CALL
COMMIT
Source data load completed.
BATCH_COMMIT|55|2026-09-27T15:22:10Z
BATCH_START|56|2026-09-27T15:22:12Z
Appending 1000 rentals and payments to the SYD source...
BEGIN
SET
psql:/home/opc/ogg_dvd_lab/01_load_source.sql:43: NOTICE:  Appended: 1000 rentals/payments, 100 customers/addresses, 50 films, 25 actors, 200 inventory, 150 cast links, 50 category links
CALL
COMMIT
Source data load completed.
BATCH_COMMIT|56|2026-09-27T15:22:12Z
BATCH_START|57|2026-09-27T15:22:14Z
Appending 1000 rentals and payments to the SYD source...
BEGIN
SET
psql:/home/opc/ogg_dvd_lab/01_load_source.sql:43: NOTICE:  Appended: 1000 rentals/payments, 100 customers/addresses, 50 films, 25 actors, 200 inventory, 150 cast links, 50 category links
CALL
COMMIT
Source data load completed.
BATCH_COMMIT|57|2026-09-27T15:22:15Z
BATCH_START|58|2026-09-27T15:22:17Z
Appending 1000 rentals and payments to the SYD source...
BEGIN
SET
psql:/home/opc/ogg_dvd_lab/01_load_source.sql:43: NOTICE:  Appended: 1000 rentals/payments, 100 customers/addresses, 50 films, 25 actors, 200 inventory, 150 cast links, 50 category links
CALL
COMMIT
Source data load completed.
BATCH_COMMIT|58|2026-09-27T15:22:17Z
BATCH_START|59|2026-09-27T15:22:19Z
Appending 1000 rentals and payments to the SYD source...
BEGIN
SET
psql:/home/opc/ogg_dvd_lab/01_load_source.sql:43: NOTICE:  Appended: 1000 rentals/payments, 100 customers/addresses, 50 films, 25 actors, 200 inventory, 150 cast links, 50 category links
CALL
COMMIT
Source data load completed.
BATCH_COMMIT|59|2026-09-27T15:22:19Z
BATCH_START|60|2026-09-27T15:22:21Z
Appending 1000 rentals and payments to the SYD source...
BEGIN
SET
psql:/home/opc/ogg_dvd_lab/01_load_source.sql:43: NOTICE:  Appended: 1000 rentals/payments, 100 customers/addresses, 50 films, 25 actors, 200 inventory, 150 cast links, 50 category links
CALL
COMMIT
Source data load completed.
BATCH_COMMIT|60|2026-09-27T15:22:21Z
BATCH_START|61|2026-09-27T15:22:23Z
Appending 1000 rentals and payments to the SYD source...
BEGIN
SET
psql:/home/opc/ogg_dvd_lab/01_load_source.sql:43: NOTICE:  Appended: 1000 rentals/payments, 100 customers/addresses, 50 films, 25 actors, 200 inventory, 150 cast links, 50 category links
CALL
COMMIT
Source data load completed.
BATCH_COMMIT|61|2026-09-27T15:22:23Z
BATCH_START|62|2026-09-27T15:22:25Z
Appending 1000 rentals and payments to the SYD source...
BEGIN
SET
psql:/home/opc/ogg_dvd_lab/01_load_source.sql:43: NOTICE:  Appended: 1000 rentals/payments, 100 customers/addresses, 50 films, 25 actors, 200 inventory, 150 cast links, 50 category links
CALL
COMMIT
Source data load completed.
BATCH_COMMIT|62|2026-09-27T15:22:25Z
BATCH_START|63|2026-09-27T15:22:27Z
Appending 1000 rentals and payments to the SYD source...
BEGIN
SET
psql:/home/opc/ogg_dvd_lab/01_load_source.sql:43: NOTICE:  Appended: 1000 rentals/payments, 100 customers/addresses, 50 films, 25 actors, 200 inventory, 150 cast links, 50 category links
CALL
COMMIT
Source data load completed.
BATCH_COMMIT|63|2026-09-27T15:22:27Z
BATCH_START|64|2026-09-27T15:22:29Z
Appending 1000 rentals and payments to the SYD source...
BEGIN
SET
psql:/home/opc/ogg_dvd_lab/01_load_source.sql:43: NOTICE:  Appended: 1000 rentals/payments, 100 customers/addresses, 50 films, 25 actors, 200 inventory, 150 cast links, 50 category links
CALL
COMMIT
Source data load completed.
BATCH_COMMIT|64|2026-09-27T15:22:29Z
BATCH_START|65|2026-09-27T15:22:31Z
Appending 1000 rentals and payments to the SYD source...
BEGIN
SET
psql:/home/opc/ogg_dvd_lab/01_load_source.sql:43: NOTICE:  Appended: 1000 rentals/payments, 100 customers/addresses, 50 films, 25 actors, 200 inventory, 150 cast links, 50 category links
CALL
COMMIT
Source data load completed.
BATCH_COMMIT|65|2026-09-27T15:22:32Z
BATCH_START|66|2026-09-27T15:22:34Z
Appending 1000 rentals and payments to the SYD source...
BEGIN
SET
psql:/home/opc/ogg_dvd_lab/01_load_source.sql:43: NOTICE:  Appended: 1000 rentals/payments, 100 customers/addresses, 50 films, 25 actors, 200 inventory, 150 cast links, 50 category links
CALL
COMMIT
Source data load completed.
BATCH_COMMIT|66|2026-09-27T15:22:34Z
BATCH_START|67|2026-09-27T15:22:36Z
Appending 1000 rentals and payments to the SYD source...
BEGIN
SET
psql:/home/opc/ogg_dvd_lab/01_load_source.sql:43: NOTICE:  Appended: 1000 rentals/payments, 100 customers/addresses, 50 films, 25 actors, 200 inventory, 150 cast links, 50 category links
CALL
COMMIT
Source data load completed.
BATCH_COMMIT|67|2026-09-27T15:22:36Z
BATCH_START|68|2026-09-27T15:22:38Z
Appending 1000 rentals and payments to the SYD source...
BEGIN
SET
psql:/home/opc/ogg_dvd_lab/01_load_source.sql:43: NOTICE:  Appended: 1000 rentals/payments, 100 customers/addresses, 50 films, 25 actors, 200 inventory, 150 cast links, 50 category links
CALL
COMMIT
Source data load completed.
BATCH_COMMIT|68|2026-09-27T15:22:38Z
BATCH_START|69|2026-09-27T15:22:40Z
Appending 1000 rentals and payments to the SYD source...
BEGIN
SET
psql:/home/opc/ogg_dvd_lab/01_load_source.sql:43: NOTICE:  Appended: 1000 rentals/payments, 100 customers/addresses, 50 films, 25 actors, 200 inventory, 150 cast links, 50 category links
CALL
COMMIT
Source data load completed.
BATCH_COMMIT|69|2026-09-27T15:22:40Z
BATCH_START|70|2026-09-27T15:22:42Z
Appending 1000 rentals and payments to the SYD source...
BEGIN
SET
psql:/home/opc/ogg_dvd_lab/01_load_source.sql:43: NOTICE:  Appended: 1000 rentals/payments, 100 customers/addresses, 50 films, 25 actors, 200 inventory, 150 cast links, 50 category links
CALL
COMMIT
Source data load completed.
BATCH_COMMIT|70|2026-09-27T15:22:42Z
BATCH_START|71|2026-09-27T15:22:44Z
Appending 1000 rentals and payments to the SYD source...
BEGIN
SET
psql:/home/opc/ogg_dvd_lab/01_load_source.sql:43: NOTICE:  Appended: 1000 rentals/payments, 100 customers/addresses, 50 films, 25 actors, 200 inventory, 150 cast links, 50 category links
CALL
COMMIT
Source data load completed.
BATCH_COMMIT|71|2026-09-27T15:22:44Z
BATCH_START|72|2026-09-27T15:22:46Z
Appending 1000 rentals and payments to the SYD source...
BEGIN
SET
psql:/home/opc/ogg_dvd_lab/01_load_source.sql:43: NOTICE:  Appended: 1000 rentals/payments, 100 customers/addresses, 50 films, 25 actors, 200 inventory, 150 cast links, 50 category links
CALL
COMMIT
Source data load completed.
BATCH_COMMIT|72|2026-09-27T15:22:46Z
BATCH_START|73|2026-09-27T15:22:48Z
Appending 1000 rentals and payments to the SYD source...
BEGIN
SET
psql:/home/opc/ogg_dvd_lab/01_load_source.sql:43: NOTICE:  Appended: 1000 rentals/payments, 100 customers/addresses, 50 films, 25 actors, 200 inventory, 150 cast links, 50 category links
CALL
COMMIT
Source data load completed.
BATCH_COMMIT|73|2026-09-27T15:22:48Z
BATCH_START|74|2026-09-27T15:22:50Z
Appending 1000 rentals and payments to the SYD source...
BEGIN
SET
psql:/home/opc/ogg_dvd_lab/01_load_source.sql:43: NOTICE:  Appended: 1000 rentals/payments, 100 customers/addresses, 50 films, 25 actors, 200 inventory, 150 cast links, 50 category links
CALL
COMMIT
Source data load completed.
BATCH_COMMIT|74|2026-09-27T15:22:51Z
BATCH_START|75|2026-09-27T15:22:53Z
Appending 1000 rentals and payments to the SYD source...
BEGIN
SET
psql:/home/opc/ogg_dvd_lab/01_load_source.sql:43: NOTICE:  Appended: 1000 rentals/payments, 100 customers/addresses, 50 films, 25 actors, 200 inventory, 150 cast links, 50 category links
CALL
COMMIT
Source data load completed.
BATCH_COMMIT|75|2026-09-27T15:22:53Z
BATCH_START|76|2026-09-27T15:22:55Z
Appending 1000 rentals and payments to the SYD source...
BEGIN
SET
psql:/home/opc/ogg_dvd_lab/01_load_source.sql:43: NOTICE:  Appended: 1000 rentals/payments, 100 customers/addresses, 50 films, 25 actors, 200 inventory, 150 cast links, 50 category links
CALL
COMMIT
Source data load completed.
BATCH_COMMIT|76|2026-09-27T15:22:55Z
BATCH_START|77|2026-09-27T15:22:57Z
Appending 1000 rentals and payments to the SYD source...
BEGIN
SET
psql:/home/opc/ogg_dvd_lab/01_load_source.sql:43: NOTICE:  Appended: 1000 rentals/payments, 100 customers/addresses, 50 films, 25 actors, 200 inventory, 150 cast links, 50 category links
CALL
COMMIT
Source data load completed.
BATCH_COMMIT|77|2026-09-27T15:22:57Z
BATCH_START|78|2026-09-27T15:22:59Z
Appending 1000 rentals and payments to the SYD source...
BEGIN
SET
psql:/home/opc/ogg_dvd_lab/01_load_source.sql:43: NOTICE:  Appended: 1000 rentals/payments, 100 customers/addresses, 50 films, 25 actors, 200 inventory, 150 cast links, 50 category links
CALL
COMMIT
Source data load completed.
BATCH_COMMIT|78|2026-09-27T15:22:59Z
BATCH_START|79|2026-09-27T15:23:01Z
Appending 1000 rentals and payments to the SYD source...
BEGIN
SET
psql:/home/opc/ogg_dvd_lab/01_load_source.sql:43: NOTICE:  Appended: 1000 rentals/payments, 100 customers/addresses, 50 films, 25 actors, 200 inventory, 150 cast links, 50 category links
CALL
COMMIT
Source data load completed.
BATCH_COMMIT|79|2026-09-27T15:23:01Z
BATCH_START|80|2026-09-27T15:23:03Z
Appending 1000 rentals and payments to the SYD source...
BEGIN
SET
psql:/home/opc/ogg_dvd_lab/01_load_source.sql:43: NOTICE:  Appended: 1000 rentals/payments, 100 customers/addresses, 50 films, 25 actors, 200 inventory, 150 cast links, 50 category links
CALL
COMMIT
Source data load completed.
BATCH_COMMIT|80|2026-09-27T15:23:03Z
BATCH_START|81|2026-09-27T15:23:05Z
Appending 1000 rentals and payments to the SYD source...
BEGIN
SET
psql:/home/opc/ogg_dvd_lab/01_load_source.sql:43: NOTICE:  Appended: 1000 rentals/payments, 100 customers/addresses, 50 films, 25 actors, 200 inventory, 150 cast links, 50 category links
CALL
COMMIT
Source data load completed.
BATCH_COMMIT|81|2026-09-27T15:23:06Z
BATCH_START|82|2026-09-27T15:23:08Z
Appending 1000 rentals and payments to the SYD source...
BEGIN
SET
psql:/home/opc/ogg_dvd_lab/01_load_source.sql:43: NOTICE:  Appended: 1000 rentals/payments, 100 customers/addresses, 50 films, 25 actors, 200 inventory, 150 cast links, 50 category links
CALL
COMMIT
Source data load completed.
BATCH_COMMIT|82|2026-09-27T15:23:08Z
BATCH_START|83|2026-09-27T15:23:10Z
Appending 1000 rentals and payments to the SYD source...
BEGIN
SET
psql:/home/opc/ogg_dvd_lab/01_load_source.sql:43: NOTICE:  Appended: 1000 rentals/payments, 100 customers/addresses, 50 films, 25 actors, 200 inventory, 150 cast links, 50 category links
CALL
COMMIT
Source data load completed.
BATCH_COMMIT|83|2026-09-27T15:23:10Z
BATCH_START|84|2026-09-27T15:23:12Z
Appending 1000 rentals and payments to the SYD source...
BEGIN
SET
psql:/home/opc/ogg_dvd_lab/01_load_source.sql:43: NOTICE:  Appended: 1000 rentals/payments, 100 customers/addresses, 50 films, 25 actors, 200 inventory, 150 cast links, 50 category links
CALL
COMMIT
Source data load completed.
BATCH_COMMIT|84|2026-09-27T15:23:12Z
BATCH_START|85|2026-09-27T15:23:14Z
Appending 1000 rentals and payments to the SYD source...
BEGIN
SET
psql:/home/opc/ogg_dvd_lab/01_load_source.sql:43: NOTICE:  Appended: 1000 rentals/payments, 100 customers/addresses, 50 films, 25 actors, 200 inventory, 150 cast links, 50 category links
CALL
COMMIT
Source data load completed.
BATCH_COMMIT|85|2026-09-27T15:23:14Z
BATCH_START|86|2026-09-27T15:23:16Z
Appending 1000 rentals and payments to the SYD source...
BEGIN
SET
psql:/home/opc/ogg_dvd_lab/01_load_source.sql:43: NOTICE:  Appended: 1000 rentals/payments, 100 customers/addresses, 50 films, 25 actors, 200 inventory, 150 cast links, 50 category links
CALL
COMMIT
Source data load completed.
BATCH_COMMIT|86|2026-09-27T15:23:16Z
BATCH_START|87|2026-09-27T15:23:18Z
Appending 1000 rentals and payments to the SYD source...
BEGIN
SET
psql:/home/opc/ogg_dvd_lab/01_load_source.sql:43: NOTICE:  Appended: 1000 rentals/payments, 100 customers/addresses, 50 films, 25 actors, 200 inventory, 150 cast links, 50 category links
CALL
COMMIT
Source data load completed.
BATCH_COMMIT|87|2026-09-27T15:23:18Z
BATCH_START|88|2026-09-27T15:23:20Z
Appending 1000 rentals and payments to the SYD source...
BEGIN
SET
psql:/home/opc/ogg_dvd_lab/01_load_source.sql:43: NOTICE:  Appended: 1000 rentals/payments, 100 customers/addresses, 50 films, 25 actors, 200 inventory, 150 cast links, 50 category links
CALL
COMMIT
Source data load completed.
BATCH_COMMIT|88|2026-09-27T15:23:20Z
BATCH_START|89|2026-09-27T15:23:22Z
Appending 1000 rentals and payments to the SYD source...
BEGIN
SET
psql:/home/opc/ogg_dvd_lab/01_load_source.sql:43: NOTICE:  Appended: 1000 rentals/payments, 100 customers/addresses, 50 films, 25 actors, 200 inventory, 150 cast links, 50 category links
CALL
COMMIT
Source data load completed.
BATCH_COMMIT|89|2026-09-27T15:23:23Z
BATCH_START|90|2026-09-27T15:23:25Z
Appending 1000 rentals and payments to the SYD source...
BEGIN
SET
psql:/home/opc/ogg_dvd_lab/01_load_source.sql:43: NOTICE:  Appended: 1000 rentals/payments, 100 customers/addresses, 50 films, 25 actors, 200 inventory, 150 cast links, 50 category links
CALL
COMMIT
Source data load completed.
BATCH_COMMIT|90|2026-09-27T15:23:25Z
BATCH_START|91|2026-09-27T15:23:27Z
Appending 1000 rentals and payments to the SYD source...
BEGIN
SET
psql:/home/opc/ogg_dvd_lab/01_load_source.sql:43: NOTICE:  Appended: 1000 rentals/payments, 100 customers/addresses, 50 films, 25 actors, 200 inventory, 150 cast links, 50 category links
CALL
COMMIT
Source data load completed.
BATCH_COMMIT|91|2026-09-27T15:23:27Z
BATCH_START|92|2026-09-27T15:23:29Z
Appending 1000 rentals and payments to the SYD source...
BEGIN
SET
psql:/home/opc/ogg_dvd_lab/01_load_source.sql:43: NOTICE:  Appended: 1000 rentals/payments, 100 customers/addresses, 50 films, 25 actors, 200 inventory, 150 cast links, 50 category links
CALL
COMMIT
Source data load completed.
BATCH_COMMIT|92|2026-09-27T15:23:29Z
BATCH_START|93|2026-09-27T15:23:31Z
Appending 1000 rentals and payments to the SYD source...
BEGIN
SET
psql:/home/opc/ogg_dvd_lab/01_load_source.sql:43: NOTICE:  Appended: 1000 rentals/payments, 100 customers/addresses, 50 films, 25 actors, 200 inventory, 150 cast links, 50 category links
CALL
COMMIT
Source data load completed.
BATCH_COMMIT|93|2026-09-27T15:23:31Z
BATCH_START|94|2026-09-27T15:23:33Z
Appending 1000 rentals and payments to the SYD source...
BEGIN
SET
psql:/home/opc/ogg_dvd_lab/01_load_source.sql:43: NOTICE:  Appended: 1000 rentals/payments, 100 customers/addresses, 50 films, 25 actors, 200 inventory, 150 cast links, 50 category links
CALL
COMMIT
Source data load completed.
BATCH_COMMIT|94|2026-09-27T15:23:33Z
BATCH_START|95|2026-09-27T15:23:35Z
Appending 1000 rentals and payments to the SYD source...
BEGIN
SET
psql:/home/opc/ogg_dvd_lab/01_load_source.sql:43: NOTICE:  Appended: 1000 rentals/payments, 100 customers/addresses, 50 films, 25 actors, 200 inventory, 150 cast links, 50 category links
CALL
COMMIT
Source data load completed.
BATCH_COMMIT|95|2026-09-27T15:23:35Z
BATCH_START|96|2026-09-27T15:23:37Z
Appending 1000 rentals and payments to the SYD source...
BEGIN
SET
psql:/home/opc/ogg_dvd_lab/01_load_source.sql:43: NOTICE:  Appended: 1000 rentals/payments, 100 customers/addresses, 50 films, 25 actors, 200 inventory, 150 cast links, 50 category links
CALL
COMMIT
Source data load completed.
BATCH_COMMIT|96|2026-09-27T15:23:37Z
BATCH_START|97|2026-09-27T15:23:39Z
Appending 1000 rentals and payments to the SYD source...
BEGIN
SET
psql:/home/opc/ogg_dvd_lab/01_load_source.sql:43: NOTICE:  Appended: 1000 rentals/payments, 100 customers/addresses, 50 films, 25 actors, 200 inventory, 150 cast links, 50 category links
CALL
COMMIT
Source data load completed.
BATCH_COMMIT|97|2026-09-27T15:23:40Z
BATCH_START|98|2026-09-27T15:23:42Z
Appending 1000 rentals and payments to the SYD source...
BEGIN
SET
psql:/home/opc/ogg_dvd_lab/01_load_source.sql:43: NOTICE:  Appended: 1000 rentals/payments, 100 customers/addresses, 50 films, 25 actors, 200 inventory, 150 cast links, 50 category links
CALL
COMMIT
Source data load completed.
BATCH_COMMIT|98|2026-09-27T15:23:42Z
BATCH_START|99|2026-09-27T15:23:44Z
Appending 1000 rentals and payments to the SYD source...
BEGIN
SET
psql:/home/opc/ogg_dvd_lab/01_load_source.sql:43: NOTICE:  Appended: 1000 rentals/payments, 100 customers/addresses, 50 films, 25 actors, 200 inventory, 150 cast links, 50 category links
CALL
COMMIT
Source data load completed.
BATCH_COMMIT|99|2026-09-27T15:23:44Z
BATCH_START|100|2026-09-27T15:23:46Z
Appending 1000 rentals and payments to the SYD source...
BEGIN
SET
psql:/home/opc/ogg_dvd_lab/01_load_source.sql:43: NOTICE:  Appended: 1000 rentals/payments, 100 customers/addresses, 50 films, 25 actors, 200 inventory, 150 cast links, 50 category links
CALL
COMMIT
Source data load completed.
BATCH_COMMIT|100|2026-09-27T15:23:46Z
BATCH_START|101|2026-09-27T15:23:48Z
Appending 1000 rentals and payments to the SYD source...
BEGIN
SET
psql:/home/opc/ogg_dvd_lab/01_load_source.sql:43: NOTICE:  Appended: 1000 rentals/payments, 100 customers/addresses, 50 films, 25 actors, 200 inventory, 150 cast links, 50 category links
CALL
COMMIT
Source data load completed.
BATCH_COMMIT|101|2026-09-27T15:23:48Z
BATCH_START|102|2026-09-27T15:23:50Z
Appending 1000 rentals and payments to the SYD source...
BEGIN
SET
psql:/home/opc/ogg_dvd_lab/01_load_source.sql:43: NOTICE:  Appended: 1000 rentals/payments, 100 customers/addresses, 50 films, 25 actors, 200 inventory, 150 cast links, 50 category links
CALL
COMMIT
Source data load completed.
BATCH_COMMIT|102|2026-09-27T15:23:50Z
BATCH_START|103|2026-09-27T15:23:52Z
Appending 1000 rentals and payments to the SYD source...
BEGIN
SET
psql:/home/opc/ogg_dvd_lab/01_load_source.sql:43: NOTICE:  Appended: 1000 rentals/payments, 100 customers/addresses, 50 films, 25 actors, 200 inventory, 150 cast links, 50 category links
CALL
COMMIT
Source data load completed.
BATCH_COMMIT|103|2026-09-27T15:23:53Z
BATCH_START|104|2026-09-27T15:23:55Z
Appending 1000 rentals and payments to the SYD source...
BEGIN
SET
psql:/home/opc/ogg_dvd_lab/01_load_source.sql:43: NOTICE:  Appended: 1000 rentals/payments, 100 customers/addresses, 50 films, 25 actors, 200 inventory, 150 cast links, 50 category links
CALL
COMMIT
Source data load completed.
BATCH_COMMIT|104|2026-09-27T15:23:55Z
BATCH_START|105|2026-09-27T15:23:57Z
Appending 1000 rentals and payments to the SYD source...
BEGIN
SET
psql:/home/opc/ogg_dvd_lab/01_load_source.sql:43: NOTICE:  Appended: 1000 rentals/payments, 100 customers/addresses, 50 films, 25 actors, 200 inventory, 150 cast links, 50 category links
CALL
COMMIT
Source data load completed.
BATCH_COMMIT|105|2026-09-27T15:23:57Z
BATCH_START|106|2026-09-27T15:23:59Z
Appending 1000 rentals and payments to the SYD source...
BEGIN
SET
psql:/home/opc/ogg_dvd_lab/01_load_source.sql:43: NOTICE:  Appended: 1000 rentals/payments, 100 customers/addresses, 50 films, 25 actors, 200 inventory, 150 cast links, 50 category links
CALL
COMMIT
Source data load completed.
BATCH_COMMIT|106|2026-09-27T15:23:59Z
BATCH_START|107|2026-09-27T15:24:01Z
Appending 1000 rentals and payments to the SYD source...
BEGIN
SET
psql:/home/opc/ogg_dvd_lab/01_load_source.sql:43: NOTICE:  Appended: 1000 rentals/payments, 100 customers/addresses, 50 films, 25 actors, 200 inventory, 150 cast links, 50 category links
CALL
COMMIT
Source data load completed.
BATCH_COMMIT|107|2026-09-27T15:24:01Z
BATCH_START|108|2026-09-27T15:24:03Z
Appending 1000 rentals and payments to the SYD source...
BEGIN
SET
psql:/home/opc/ogg_dvd_lab/01_load_source.sql:43: NOTICE:  Appended: 1000 rentals/payments, 100 customers/addresses, 50 films, 25 actors, 200 inventory, 150 cast links, 50 category links
CALL
COMMIT
Source data load completed.
BATCH_COMMIT|108|2026-09-27T15:24:03Z
BATCH_START|109|2026-09-27T15:24:05Z
Appending 1000 rentals and payments to the SYD source...
BEGIN
SET
psql:/home/opc/ogg_dvd_lab/01_load_source.sql:43: NOTICE:  Appended: 1000 rentals/payments, 100 customers/addresses, 50 films, 25 actors, 200 inventory, 150 cast links, 50 category links
CALL
COMMIT
Source data load completed.
BATCH_COMMIT|109|2026-09-27T15:24:05Z
BATCH_START|110|2026-09-27T15:24:07Z
Appending 1000 rentals and payments to the SYD source...
BEGIN
SET
psql:/home/opc/ogg_dvd_lab/01_load_source.sql:43: NOTICE:  Appended: 1000 rentals/payments, 100 customers/addresses, 50 films, 25 actors, 200 inventory, 150 cast links, 50 category links
CALL
COMMIT
Source data load completed.
BATCH_COMMIT|110|2026-09-27T15:24:08Z
BATCH_START|111|2026-09-27T15:24:10Z
Appending 1000 rentals and payments to the SYD source...
BEGIN
SET
psql:/home/opc/ogg_dvd_lab/01_load_source.sql:43: NOTICE:  Appended: 1000 rentals/payments, 100 customers/addresses, 50 films, 25 actors, 200 inventory, 150 cast links, 50 category links
CALL
COMMIT
Source data load completed.
BATCH_COMMIT|111|2026-09-27T15:24:10Z
BATCH_START|112|2026-09-27T15:24:12Z
Appending 1000 rentals and payments to the SYD source...
BEGIN
SET
psql:/home/opc/ogg_dvd_lab/01_load_source.sql:43: NOTICE:  Appended: 1000 rentals/payments, 100 customers/addresses, 50 films, 25 actors, 200 inventory, 150 cast links, 50 category links
CALL
COMMIT
Source data load completed.
BATCH_COMMIT|112|2026-09-27T15:24:12Z
BATCH_START|113|2026-09-27T15:24:14Z
Appending 1000 rentals and payments to the SYD source...
BEGIN
SET
psql:/home/opc/ogg_dvd_lab/01_load_source.sql:43: NOTICE:  Appended: 1000 rentals/payments, 100 customers/addresses, 50 films, 25 actors, 200 inventory, 150 cast links, 50 category links
CALL
COMMIT
Source data load completed.
BATCH_COMMIT|113|2026-09-27T15:24:14Z
BATCH_START|114|2026-09-27T15:24:16Z
Appending 1000 rentals and payments to the SYD source...
BEGIN
SET
psql:/home/opc/ogg_dvd_lab/01_load_source.sql:43: NOTICE:  Appended: 1000 rentals/payments, 100 customers/addresses, 50 films, 25 actors, 200 inventory, 150 cast links, 50 category links
CALL
COMMIT
Source data load completed.
BATCH_COMMIT|114|2026-09-27T15:24:16Z
BATCH_START|115|2026-09-27T15:24:18Z
Appending 1000 rentals and payments to the SYD source...
BEGIN
SET
psql:/home/opc/ogg_dvd_lab/01_load_source.sql:43: NOTICE:  Appended: 1000 rentals/payments, 100 customers/addresses, 50 films, 25 actors, 200 inventory, 150 cast links, 50 category links
CALL
COMMIT
Source data load completed.
BATCH_COMMIT|115|2026-09-27T15:24:18Z
BATCH_START|116|2026-09-27T15:24:20Z
Appending 1000 rentals and payments to the SYD source...
BEGIN
SET
psql:/home/opc/ogg_dvd_lab/01_load_source.sql:43: NOTICE:  Appended: 1000 rentals/payments, 100 customers/addresses, 50 films, 25 actors, 200 inventory, 150 cast links, 50 category links
CALL
COMMIT
Source data load completed.
BATCH_COMMIT|116|2026-09-27T15:24:20Z
BATCH_START|117|2026-09-27T15:24:22Z
Appending 1000 rentals and payments to the SYD source...
BEGIN
SET
psql:/home/opc/ogg_dvd_lab/01_load_source.sql:43: NOTICE:  Appended: 1000 rentals/payments, 100 customers/addresses, 50 films, 25 actors, 200 inventory, 150 cast links, 50 category links
CALL
COMMIT
Source data load completed.
BATCH_COMMIT|117|2026-09-27T15:24:22Z
BATCH_START|118|2026-09-27T15:24:24Z
Appending 1000 rentals and payments to the SYD source...
BEGIN
SET
psql:/home/opc/ogg_dvd_lab/01_load_source.sql:43: NOTICE:  Appended: 1000 rentals/payments, 100 customers/addresses, 50 films, 25 actors, 200 inventory, 150 cast links, 50 category links
CALL
COMMIT
Source data load completed.
BATCH_COMMIT|118|2026-09-27T15:24:25Z
BATCH_START|119|2026-09-27T15:24:27Z
Appending 1000 rentals and payments to the SYD source...
BEGIN
SET
psql:/home/opc/ogg_dvd_lab/01_load_source.sql:43: NOTICE:  Appended: 1000 rentals/payments, 100 customers/addresses, 50 films, 25 actors, 200 inventory, 150 cast links, 50 category links
CALL
COMMIT
Source data load completed.
BATCH_COMMIT|119|2026-09-27T15:24:27Z
BATCH_START|120|2026-09-27T15:24:29Z
Appending 1000 rentals and payments to the SYD source...
BEGIN
SET
psql:/home/opc/ogg_dvd_lab/01_load_source.sql:43: NOTICE:  Appended: 1000 rentals/payments, 100 customers/addresses, 50 films, 25 actors, 200 inventory, 150 cast links, 50 category links
CALL
COMMIT
Source data load completed.
BATCH_COMMIT|120|2026-09-27T15:24:29Z
BATCH_START|121|2026-09-27T15:24:31Z
Appending 1000 rentals and payments to the SYD source...
BEGIN
SET
psql:/home/opc/ogg_dvd_lab/01_load_source.sql:43: NOTICE:  Appended: 1000 rentals/payments, 100 customers/addresses, 50 films, 25 actors, 200 inventory, 150 cast links, 50 category links
CALL
COMMIT
Source data load completed.
BATCH_COMMIT|121|2026-09-27T15:24:31Z
BATCH_START|122|2026-09-27T15:24:33Z
Appending 1000 rentals and payments to the SYD source...
BEGIN
SET
psql:/home/opc/ogg_dvd_lab/01_load_source.sql:43: NOTICE:  Appended: 1000 rentals/payments, 100 customers/addresses, 50 films, 25 actors, 200 inventory, 150 cast links, 50 category links
CALL
COMMIT
Source data load completed.
BATCH_COMMIT|122|2026-09-27T15:24:33Z
BATCH_START|123|2026-09-27T15:24:35Z
Appending 1000 rentals and payments to the SYD source...
BEGIN
SET
psql:/home/opc/ogg_dvd_lab/01_load_source.sql:43: NOTICE:  Appended: 1000 rentals/payments, 100 customers/addresses, 50 films, 25 actors, 200 inventory, 150 cast links, 50 category links
CALL
COMMIT
Source data load completed.
BATCH_COMMIT|123|2026-09-27T15:24:35Z
BATCH_START|124|2026-09-27T15:24:37Z
Appending 1000 rentals and payments to the SYD source...
BEGIN
SET
psql:/home/opc/ogg_dvd_lab/01_load_source.sql:43: NOTICE:  Appended: 1000 rentals/payments, 100 customers/addresses, 50 films, 25 actors, 200 inventory, 150 cast links, 50 category links
CALL
COMMIT
Source data load completed.
BATCH_COMMIT|124|2026-09-27T15:24:37Z
BATCH_START|125|2026-09-27T15:24:39Z
Appending 1000 rentals and payments to the SYD source...
BEGIN
SET
psql:/home/opc/ogg_dvd_lab/01_load_source.sql:43: NOTICE:  Appended: 1000 rentals/payments, 100 customers/addresses, 50 films, 25 actors, 200 inventory, 150 cast links, 50 category links
CALL
COMMIT
Source data load completed.
BATCH_COMMIT|125|2026-09-27T15:24:39Z
BATCH_START|126|2026-09-27T15:24:41Z
Appending 1000 rentals and payments to the SYD source...
BEGIN
SET
psql:/home/opc/ogg_dvd_lab/01_load_source.sql:43: NOTICE:  Appended: 1000 rentals/payments, 100 customers/addresses, 50 films, 25 actors, 200 inventory, 150 cast links, 50 category links
CALL
COMMIT
Source data load completed.
BATCH_COMMIT|126|2026-09-27T15:24:42Z
BATCH_START|127|2026-09-27T15:24:44Z
Appending 1000 rentals and payments to the SYD source...
BEGIN
SET
psql:/home/opc/ogg_dvd_lab/01_load_source.sql:43: NOTICE:  Appended: 1000 rentals/payments, 100 customers/addresses, 50 films, 25 actors, 200 inventory, 150 cast links, 50 category links
CALL
COMMIT
Source data load completed.
BATCH_COMMIT|127|2026-09-27T15:24:44Z
BATCH_START|128|2026-09-27T15:24:46Z
Appending 1000 rentals and payments to the SYD source...
BEGIN
SET
psql:/home/opc/ogg_dvd_lab/01_load_source.sql:43: NOTICE:  Appended: 1000 rentals/payments, 100 customers/addresses, 50 films, 25 actors, 200 inventory, 150 cast links, 50 category links
CALL
COMMIT
Source data load completed.
BATCH_COMMIT|128|2026-09-27T15:24:46Z
BATCH_START|129|2026-09-27T15:24:48Z
Appending 1000 rentals and payments to the SYD source...
BEGIN
SET
psql:/home/opc/ogg_dvd_lab/01_load_source.sql:43: NOTICE:  Appended: 1000 rentals/payments, 100 customers/addresses, 50 films, 25 actors, 200 inventory, 150 cast links, 50 category links
CALL
COMMIT
Source data load completed.
BATCH_COMMIT|129|2026-09-27T15:24:48Z
BATCH_START|130|2026-09-27T15:24:50Z
Appending 1000 rentals and payments to the SYD source...
BEGIN
SET
psql:/home/opc/ogg_dvd_lab/01_load_source.sql:43: NOTICE:  Appended: 1000 rentals/payments, 100 customers/addresses, 50 films, 25 actors, 200 inventory, 150 cast links, 50 category links
CALL
COMMIT
Source data load completed.
BATCH_COMMIT|130|2026-09-27T15:24:50Z
BATCH_START|131|2026-09-27T15:24:52Z
Appending 1000 rentals and payments to the SYD source...
BEGIN
SET
psql:/home/opc/ogg_dvd_lab/01_load_source.sql:43: NOTICE:  Appended: 1000 rentals/payments, 100 customers/addresses, 50 films, 25 actors, 200 inventory, 150 cast links, 50 category links
CALL
COMMIT
Source data load completed.
BATCH_COMMIT|131|2026-09-27T15:24:52Z
BATCH_START|132|2026-09-27T15:24:54Z
Appending 1000 rentals and payments to the SYD source...
BEGIN
SET
psql:/home/opc/ogg_dvd_lab/01_load_source.sql:43: NOTICE:  Appended: 1000 rentals/payments, 100 customers/addresses, 50 films, 25 actors, 200 inventory, 150 cast links, 50 category links
CALL
COMMIT
Source data load completed.
BATCH_COMMIT|132|2026-09-27T15:24:54Z
BATCH_START|133|2026-09-27T15:24:56Z
Appending 1000 rentals and payments to the SYD source...
BEGIN
SET
psql:/home/opc/ogg_dvd_lab/01_load_source.sql:43: NOTICE:  Appended: 1000 rentals/payments, 100 customers/addresses, 50 films, 25 actors, 200 inventory, 150 cast links, 50 category links
CALL
COMMIT
Source data load completed.
BATCH_COMMIT|133|2026-09-27T15:24:56Z
BATCH_START|134|2026-09-27T15:24:58Z
Appending 1000 rentals and payments to the SYD source...
BEGIN
SET
psql:/home/opc/ogg_dvd_lab/01_load_source.sql:43: NOTICE:  Appended: 1000 rentals/payments, 100 customers/addresses, 50 films, 25 actors, 200 inventory, 150 cast links, 50 category links
CALL
COMMIT
Source data load completed.
BATCH_COMMIT|134|2026-09-27T15:24:58Z
BATCH_START|135|2026-09-27T15:25:00Z
Appending 1000 rentals and payments to the SYD source...
BEGIN
SET
psql:/home/opc/ogg_dvd_lab/01_load_source.sql:43: NOTICE:  Appended: 1000 rentals/payments, 100 customers/addresses, 50 films, 25 actors, 200 inventory, 150 cast links, 50 category links
CALL
COMMIT
Source data load completed.
BATCH_COMMIT|135|2026-09-27T15:25:01Z
BATCH_START|136|2026-09-27T15:25:03Z
Appending 1000 rentals and payments to the SYD source...
BEGIN
SET
psql:/home/opc/ogg_dvd_lab/01_load_source.sql:43: NOTICE:  Appended: 1000 rentals/payments, 100 customers/addresses, 50 films, 25 actors, 200 inventory, 150 cast links, 50 category links
CALL
COMMIT
Source data load completed.
BATCH_COMMIT|136|2026-09-27T15:25:03Z
BATCH_START|137|2026-09-27T15:25:05Z
Appending 1000 rentals and payments to the SYD source...
BEGIN
SET
psql:/home/opc/ogg_dvd_lab/01_load_source.sql:43: NOTICE:  Appended: 1000 rentals/payments, 100 customers/addresses, 50 films, 25 actors, 200 inventory, 150 cast links, 50 category links
CALL
COMMIT
Source data load completed.
BATCH_COMMIT|137|2026-09-27T15:25:05Z
BATCH_START|138|2026-09-27T15:25:07Z
Appending 1000 rentals and payments to the SYD source...
BEGIN
SET
psql:/home/opc/ogg_dvd_lab/01_load_source.sql:43: NOTICE:  Appended: 1000 rentals/payments, 100 customers/addresses, 50 films, 25 actors, 200 inventory, 150 cast links, 50 category links
CALL
COMMIT
Source data load completed.
BATCH_COMMIT|138|2026-09-27T15:25:07Z
BATCH_START|139|2026-09-27T15:25:09Z
Appending 1000 rentals and payments to the SYD source...
BEGIN
SET
psql:/home/opc/ogg_dvd_lab/01_load_source.sql:43: NOTICE:  Appended: 1000 rentals/payments, 100 customers/addresses, 50 films, 25 actors, 200 inventory, 150 cast links, 50 category links
CALL
COMMIT
Source data load completed.
BATCH_COMMIT|139|2026-09-27T15:25:09Z
BATCH_START|140|2026-09-27T15:25:11Z
Appending 1000 rentals and payments to the SYD source...
BEGIN
SET
psql:/home/opc/ogg_dvd_lab/01_load_source.sql:43: NOTICE:  Appended: 1000 rentals/payments, 100 customers/addresses, 50 films, 25 actors, 200 inventory, 150 cast links, 50 category links
CALL
COMMIT
Source data load completed.
BATCH_COMMIT|140|2026-09-27T15:25:11Z
BATCH_START|141|2026-09-27T15:25:13Z
Appending 1000 rentals and payments to the SYD source...
BEGIN
SET
psql:/home/opc/ogg_dvd_lab/01_load_source.sql:43: NOTICE:  Appended: 1000 rentals/payments, 100 customers/addresses, 50 films, 25 actors, 200 inventory, 150 cast links, 50 category links
CALL
COMMIT
Source data load completed.
BATCH_COMMIT|141|2026-09-27T15:25:13Z
BATCH_START|142|2026-09-27T15:25:15Z
Appending 1000 rentals and payments to the SYD source...
BEGIN
SET
psql:/home/opc/ogg_dvd_lab/01_load_source.sql:43: NOTICE:  Appended: 1000 rentals/payments, 100 customers/addresses, 50 films, 25 actors, 200 inventory, 150 cast links, 50 category links
CALL
COMMIT
Source data load completed.
BATCH_COMMIT|142|2026-09-27T15:25:15Z
BATCH_START|143|2026-09-27T15:25:17Z
Appending 1000 rentals and payments to the SYD source...
BEGIN
SET
psql:/home/opc/ogg_dvd_lab/01_load_source.sql:43: NOTICE:  Appended: 1000 rentals/payments, 100 customers/addresses, 50 films, 25 actors, 200 inventory, 150 cast links, 50 category links
CALL
COMMIT
Source data load completed.
BATCH_COMMIT|143|2026-09-27T15:25:18Z
BATCH_START|144|2026-09-27T15:25:20Z
Appending 1000 rentals and payments to the SYD source...
BEGIN
SET
psql:/home/opc/ogg_dvd_lab/01_load_source.sql:43: NOTICE:  Appended: 1000 rentals/payments, 100 customers/addresses, 50 films, 25 actors, 200 inventory, 150 cast links, 50 category links
CALL
COMMIT
Source data load completed.
BATCH_COMMIT|144|2026-09-27T15:25:20Z
BATCH_START|145|2026-09-27T15:25:22Z
Appending 1000 rentals and payments to the SYD source...
BEGIN
SET
psql:/home/opc/ogg_dvd_lab/01_load_source.sql:43: NOTICE:  Appended: 1000 rentals/payments, 100 customers/addresses, 50 films, 25 actors, 200 inventory, 150 cast links, 50 category links
CALL
COMMIT
Source data load completed.
BATCH_COMMIT|145|2026-09-27T15:25:22Z
BATCH_START|146|2026-09-27T15:25:24Z
Appending 1000 rentals and payments to the SYD source...
BEGIN
SET
psql:/home/opc/ogg_dvd_lab/01_load_source.sql:43: NOTICE:  Appended: 1000 rentals/payments, 100 customers/addresses, 50 films, 25 actors, 200 inventory, 150 cast links, 50 category links
CALL
COMMIT
Source data load completed.
BATCH_COMMIT|146|2026-09-27T15:25:24Z
BATCH_START|147|2026-09-27T15:25:26Z
Appending 1000 rentals and payments to the SYD source...
BEGIN
SET
psql:/home/opc/ogg_dvd_lab/01_load_source.sql:43: NOTICE:  Appended: 1000 rentals/payments, 100 customers/addresses, 50 films, 25 actors, 200 inventory, 150 cast links, 50 category links
CALL
COMMIT
Source data load completed.
BATCH_COMMIT|147|2026-09-27T15:25:26Z
BATCH_START|148|2026-09-27T15:25:28Z
Appending 1000 rentals and payments to the SYD source...
BEGIN
SET
psql:/home/opc/ogg_dvd_lab/01_load_source.sql:43: NOTICE:  Appended: 1000 rentals/payments, 100 customers/addresses, 50 films, 25 actors, 200 inventory, 150 cast links, 50 category links
CALL
COMMIT
Source data load completed.
BATCH_COMMIT|148|2026-09-27T15:25:28Z
BATCH_START|149|2026-09-27T15:25:30Z
Appending 1000 rentals and payments to the SYD source...
BEGIN
SET
psql:/home/opc/ogg_dvd_lab/01_load_source.sql:43: NOTICE:  Appended: 1000 rentals/payments, 100 customers/addresses, 50 films, 25 actors, 200 inventory, 150 cast links, 50 category links
CALL
COMMIT
Source data load completed.
BATCH_COMMIT|149|2026-09-27T15:25:30Z
BATCH_START|150|2026-09-27T15:25:32Z
Appending 1000 rentals and payments to the SYD source...
BEGIN
SET
psql:/home/opc/ogg_dvd_lab/01_load_source.sql:43: NOTICE:  Appended: 1000 rentals/payments, 100 customers/addresses, 50 films, 25 actors, 200 inventory, 150 cast links, 50 category links
CALL
COMMIT
Source data load completed.
BATCH_COMMIT|150|2026-09-27T15:25:32Z
BATCH_START|151|2026-09-27T15:25:34Z
Appending 1000 rentals and payments to the SYD source...
BEGIN
SET
psql:/home/opc/ogg_dvd_lab/01_load_source.sql:43: NOTICE:  Appended: 1000 rentals/payments, 100 customers/addresses, 50 films, 25 actors, 200 inventory, 150 cast links, 50 category links
CALL
COMMIT
Source data load completed.
BATCH_COMMIT|151|2026-09-27T15:25:34Z
BATCH_START|152|2026-09-27T15:25:36Z
Appending 1000 rentals and payments to the SYD source...
BEGIN
SET
psql:/home/opc/ogg_dvd_lab/01_load_source.sql:43: NOTICE:  Appended: 1000 rentals/payments, 100 customers/addresses, 50 films, 25 actors, 200 inventory, 150 cast links, 50 category links
CALL
COMMIT
Source data load completed.
BATCH_COMMIT|152|2026-09-27T15:25:37Z
BATCH_START|153|2026-09-27T15:25:39Z
Appending 1000 rentals and payments to the SYD source...
BEGIN
SET
psql:/home/opc/ogg_dvd_lab/01_load_source.sql:43: NOTICE:  Appended: 1000 rentals/payments, 100 customers/addresses, 50 films, 25 actors, 200 inventory, 150 cast links, 50 category links
CALL
COMMIT
Source data load completed.
BATCH_COMMIT|153|2026-09-27T15:25:39Z
BATCH_START|154|2026-09-27T15:25:41Z
Appending 1000 rentals and payments to the SYD source...
BEGIN
SET
psql:/home/opc/ogg_dvd_lab/01_load_source.sql:43: NOTICE:  Appended: 1000 rentals/payments, 100 customers/addresses, 50 films, 25 actors, 200 inventory, 150 cast links, 50 category links
CALL
COMMIT
Source data load completed.
BATCH_COMMIT|154|2026-09-27T15:25:41Z
BATCH_START|155|2026-09-27T15:25:43Z
Appending 1000 rentals and payments to the SYD source...
BEGIN
SET
psql:/home/opc/ogg_dvd_lab/01_load_source.sql:43: NOTICE:  Appended: 1000 rentals/payments, 100 customers/addresses, 50 films, 25 actors, 200 inventory, 150 cast links, 50 category links
CALL
COMMIT
Source data load completed.
BATCH_COMMIT|155|2026-09-27T15:25:43Z
BATCH_START|156|2026-09-27T15:25:45Z
Appending 1000 rentals and payments to the SYD source...
BEGIN
SET
psql:/home/opc/ogg_dvd_lab/01_load_source.sql:43: NOTICE:  Appended: 1000 rentals/payments, 100 customers/addresses, 50 films, 25 actors, 200 inventory, 150 cast links, 50 category links
CALL
COMMIT
Source data load completed.
BATCH_COMMIT|156|2026-09-27T15:25:45Z
BATCH_START|157|2026-09-27T15:25:47Z
Appending 1000 rentals and payments to the SYD source...
BEGIN
SET
psql:/home/opc/ogg_dvd_lab/01_load_source.sql:43: NOTICE:  Appended: 1000 rentals/payments, 100 customers/addresses, 50 films, 25 actors, 200 inventory, 150 cast links, 50 category links
CALL
COMMIT
Source data load completed.
BATCH_COMMIT|157|2026-09-27T15:25:47Z
BATCH_START|158|2026-09-27T15:25:49Z
Appending 1000 rentals and payments to the SYD source...
BEGIN
SET
psql:/home/opc/ogg_dvd_lab/01_load_source.sql:43: NOTICE:  Appended: 1000 rentals/payments, 100 customers/addresses, 50 films, 25 actors, 200 inventory, 150 cast links, 50 category links
CALL
COMMIT
Source data load completed.
BATCH_COMMIT|158|2026-09-27T15:25:49Z
BATCH_START|159|2026-09-27T15:25:51Z
Appending 1000 rentals and payments to the SYD source...
BEGIN
SET
psql:/home/opc/ogg_dvd_lab/01_load_source.sql:43: NOTICE:  Appended: 1000 rentals/payments, 100 customers/addresses, 50 films, 25 actors, 200 inventory, 150 cast links, 50 category links
CALL
COMMIT
Source data load completed.
BATCH_COMMIT|159|2026-09-27T15:25:51Z
BATCH_START|160|2026-09-27T15:25:53Z
Appending 1000 rentals and payments to the SYD source...
BEGIN
SET
psql:/home/opc/ogg_dvd_lab/01_load_source.sql:43: NOTICE:  Appended: 1000 rentals/payments, 100 customers/addresses, 50 films, 25 actors, 200 inventory, 150 cast links, 50 category links
CALL
COMMIT
Source data load completed.
BATCH_COMMIT|160|2026-09-27T15:25:54Z
BATCH_START|161|2026-09-27T15:25:56Z
Appending 1000 rentals and payments to the SYD source...
BEGIN
SET
psql:/home/opc/ogg_dvd_lab/01_load_source.sql:43: NOTICE:  Appended: 1000 rentals/payments, 100 customers/addresses, 50 films, 25 actors, 200 inventory, 150 cast links, 50 category links
CALL
COMMIT
Source data load completed.
BATCH_COMMIT|161|2026-09-27T15:25:56Z
BATCH_START|162|2026-09-27T15:25:58Z
Appending 1000 rentals and payments to the SYD source...
BEGIN
SET
psql:/home/opc/ogg_dvd_lab/01_load_source.sql:43: NOTICE:  Appended: 1000 rentals/payments, 100 customers/addresses, 50 films, 25 actors, 200 inventory, 150 cast links, 50 category links
CALL
COMMIT
Source data load completed.
BATCH_COMMIT|162|2026-09-27T15:25:58Z
BATCH_START|163|2026-09-27T15:26:00Z
Appending 1000 rentals and payments to the SYD source...
BEGIN
SET
psql:/home/opc/ogg_dvd_lab/01_load_source.sql:43: NOTICE:  Appended: 1000 rentals/payments, 100 customers/addresses, 50 films, 25 actors, 200 inventory, 150 cast links, 50 category links
CALL
COMMIT
Source data load completed.
BATCH_COMMIT|163|2026-09-27T15:26:00Z
BATCH_START|164|2026-09-27T15:26:02Z
Appending 1000 rentals and payments to the SYD source...
BEGIN
SET
psql:/home/opc/ogg_dvd_lab/01_load_source.sql:43: NOTICE:  Appended: 1000 rentals/payments, 100 customers/addresses, 50 films, 25 actors, 200 inventory, 150 cast links, 50 category links
CALL
COMMIT
Source data load completed.
BATCH_COMMIT|164|2026-09-27T15:26:02Z
BATCH_START|165|2026-09-27T15:26:04Z
Appending 1000 rentals and payments to the SYD source...
BEGIN
SET
psql:/home/opc/ogg_dvd_lab/01_load_source.sql:43: NOTICE:  Appended: 1000 rentals/payments, 100 customers/addresses, 50 films, 25 actors, 200 inventory, 150 cast links, 50 category links
CALL
COMMIT
Source data load completed.
BATCH_COMMIT|165|2026-09-27T15:26:04Z
BATCH_START|166|2026-09-27T15:26:06Z
Appending 1000 rentals and payments to the SYD source...
BEGIN
SET
psql:/home/opc/ogg_dvd_lab/01_load_source.sql:43: NOTICE:  Appended: 1000 rentals/payments, 100 customers/addresses, 50 films, 25 actors, 200 inventory, 150 cast links, 50 category links
CALL
COMMIT
Source data load completed.
BATCH_COMMIT|166|2026-09-27T15:26:06Z
BATCH_START|167|2026-09-27T15:26:08Z
Appending 1000 rentals and payments to the SYD source...
BEGIN
SET
psql:/home/opc/ogg_dvd_lab/01_load_source.sql:43: NOTICE:  Appended: 1000 rentals/payments, 100 customers/addresses, 50 films, 25 actors, 200 inventory, 150 cast links, 50 category links
CALL
COMMIT
Source data load completed.
BATCH_COMMIT|167|2026-09-27T15:26:08Z
BATCH_START|168|2026-09-27T15:26:10Z
Appending 1000 rentals and payments to the SYD source...
BEGIN
SET
psql:/home/opc/ogg_dvd_lab/01_load_source.sql:43: NOTICE:  Appended: 1000 rentals/payments, 100 customers/addresses, 50 films, 25 actors, 200 inventory, 150 cast links, 50 category links
CALL
COMMIT
Source data load completed.
BATCH_COMMIT|168|2026-09-27T15:26:10Z
BATCH_START|169|2026-09-27T15:26:12Z
Appending 1000 rentals and payments to the SYD source...
BEGIN
SET
psql:/home/opc/ogg_dvd_lab/01_load_source.sql:43: NOTICE:  Appended: 1000 rentals/payments, 100 customers/addresses, 50 films, 25 actors, 200 inventory, 150 cast links, 50 category links
CALL
COMMIT
Source data load completed.
BATCH_COMMIT|169|2026-09-27T15:26:13Z
BATCH_START|170|2026-09-27T15:26:15Z
Appending 1000 rentals and payments to the SYD source...
BEGIN
SET
psql:/home/opc/ogg_dvd_lab/01_load_source.sql:43: NOTICE:  Appended: 1000 rentals/payments, 100 customers/addresses, 50 films, 25 actors, 200 inventory, 150 cast links, 50 category links
CALL
COMMIT
Source data load completed.
BATCH_COMMIT|170|2026-09-27T15:26:15Z
BATCH_START|171|2026-09-27T15:26:17Z
Appending 1000 rentals and payments to the SYD source...
BEGIN
SET
psql:/home/opc/ogg_dvd_lab/01_load_source.sql:43: NOTICE:  Appended: 1000 rentals/payments, 100 customers/addresses, 50 films, 25 actors, 200 inventory, 150 cast links, 50 category links
CALL
COMMIT
Source data load completed.
BATCH_COMMIT|171|2026-09-27T15:26:17Z
BATCH_START|172|2026-09-27T15:26:19Z
Appending 1000 rentals and payments to the SYD source...
BEGIN
SET
psql:/home/opc/ogg_dvd_lab/01_load_source.sql:43: NOTICE:  Appended: 1000 rentals/payments, 100 customers/addresses, 50 films, 25 actors, 200 inventory, 150 cast links, 50 category links
CALL
COMMIT
Source data load completed.
BATCH_COMMIT|172|2026-09-27T15:26:19Z
BATCH_START|173|2026-09-27T15:26:21Z
Appending 1000 rentals and payments to the SYD source...
BEGIN
SET
psql:/home/opc/ogg_dvd_lab/01_load_source.sql:43: NOTICE:  Appended: 1000 rentals/payments, 100 customers/addresses, 50 films, 25 actors, 200 inventory, 150 cast links, 50 category links
CALL
COMMIT
Source data load completed.
BATCH_COMMIT|173|2026-09-27T15:26:21Z
BATCH_START|174|2026-09-27T15:26:23Z
Appending 1000 rentals and payments to the SYD source...
BEGIN
SET
psql:/home/opc/ogg_dvd_lab/01_load_source.sql:43: NOTICE:  Appended: 1000 rentals/payments, 100 customers/addresses, 50 films, 25 actors, 200 inventory, 150 cast links, 50 category links
CALL
COMMIT
Source data load completed.
BATCH_COMMIT|174|2026-09-27T15:26:23Z
BATCH_START|175|2026-09-27T15:26:25Z
Appending 1000 rentals and payments to the SYD source...
BEGIN
SET
psql:/home/opc/ogg_dvd_lab/01_load_source.sql:43: NOTICE:  Appended: 1000 rentals/payments, 100 customers/addresses, 50 films, 25 actors, 200 inventory, 150 cast links, 50 category links
CALL
COMMIT
Source data load completed.
BATCH_COMMIT|175|2026-09-27T15:26:25Z
BATCH_START|176|2026-09-27T15:26:27Z
Appending 1000 rentals and payments to the SYD source...
BEGIN
SET
psql:/home/opc/ogg_dvd_lab/01_load_source.sql:43: NOTICE:  Appended: 1000 rentals/payments, 100 customers/addresses, 50 films, 25 actors, 200 inventory, 150 cast links, 50 category links
CALL
COMMIT
Source data load completed.
BATCH_COMMIT|176|2026-09-27T15:26:27Z
BATCH_START|177|2026-09-27T15:26:29Z
Appending 1000 rentals and payments to the SYD source...
BEGIN
SET
psql:/home/opc/ogg_dvd_lab/01_load_source.sql:43: NOTICE:  Appended: 1000 rentals/payments, 100 customers/addresses, 50 films, 25 actors, 200 inventory, 150 cast links, 50 category links
CALL
COMMIT
Source data load completed.
BATCH_COMMIT|177|2026-09-27T15:26:29Z
BATCH_START|178|2026-09-27T15:26:31Z
Appending 1000 rentals and payments to the SYD source...
BEGIN
SET
psql:/home/opc/ogg_dvd_lab/01_load_source.sql:43: NOTICE:  Appended: 1000 rentals/payments, 100 customers/addresses, 50 films, 25 actors, 200 inventory, 150 cast links, 50 category links
CALL
COMMIT
Source data load completed.
BATCH_COMMIT|178|2026-09-27T15:26:31Z
BATCH_START|179|2026-09-27T15:26:33Z
Appending 1000 rentals and payments to the SYD source...
BEGIN
SET
psql:/home/opc/ogg_dvd_lab/01_load_source.sql:43: NOTICE:  Appended: 1000 rentals/payments, 100 customers/addresses, 50 films, 25 actors, 200 inventory, 150 cast links, 50 category links
CALL
COMMIT
Source data load completed.
BATCH_COMMIT|179|2026-09-27T15:26:34Z
BATCH_START|180|2026-09-27T15:26:36Z
Appending 1000 rentals and payments to the SYD source...
BEGIN
SET
psql:/home/opc/ogg_dvd_lab/01_load_source.sql:43: NOTICE:  Appended: 1000 rentals/payments, 100 customers/addresses, 50 films, 25 actors, 200 inventory, 150 cast links, 50 category links
CALL
COMMIT
Source data load completed.
BATCH_COMMIT|180|2026-09-27T15:26:36Z
BATCH_START|181|2026-09-27T15:26:38Z
Appending 1000 rentals and payments to the SYD source...
BEGIN
SET
psql:/home/opc/ogg_dvd_lab/01_load_source.sql:43: NOTICE:  Appended: 1000 rentals/payments, 100 customers/addresses, 50 films, 25 actors, 200 inventory, 150 cast links, 50 category links
CALL
COMMIT
Source data load completed.
BATCH_COMMIT|181|2026-09-27T15:26:38Z
BATCH_START|182|2026-09-27T15:26:40Z
Appending 1000 rentals and payments to the SYD source...
BEGIN
SET
psql:/home/opc/ogg_dvd_lab/01_load_source.sql:43: NOTICE:  Appended: 1000 rentals/payments, 100 customers/addresses, 50 films, 25 actors, 200 inventory, 150 cast links, 50 category links
CALL
COMMIT
Source data load completed.
BATCH_COMMIT|182|2026-09-27T15:26:40Z
BATCH_START|183|2026-09-27T15:26:42Z
Appending 1000 rentals and payments to the SYD source...
BEGIN
SET
psql:/home/opc/ogg_dvd_lab/01_load_source.sql:43: NOTICE:  Appended: 1000 rentals/payments, 100 customers/addresses, 50 films, 25 actors, 200 inventory, 150 cast links, 50 category links
CALL
COMMIT
Source data load completed.
BATCH_COMMIT|183|2026-09-27T15:26:42Z
BATCH_START|184|2026-09-27T15:26:44Z
Appending 1000 rentals and payments to the SYD source...
BEGIN
SET
psql:/home/opc/ogg_dvd_lab/01_load_source.sql:43: NOTICE:  Appended: 1000 rentals/payments, 100 customers/addresses, 50 films, 25 actors, 200 inventory, 150 cast links, 50 category links
CALL
COMMIT
Source data load completed.
BATCH_COMMIT|184|2026-09-27T15:26:45Z
BATCH_START|185|2026-09-27T15:26:47Z
Appending 1000 rentals and payments to the SYD source...
BEGIN
SET
psql:/home/opc/ogg_dvd_lab/01_load_source.sql:43: NOTICE:  Appended: 1000 rentals/payments, 100 customers/addresses, 50 films, 25 actors, 200 inventory, 150 cast links, 50 category links
CALL
COMMIT
Source data load completed.
BATCH_COMMIT|185|2026-09-27T15:26:47Z
BATCH_START|186|2026-09-27T15:26:49Z
Appending 1000 rentals and payments to the SYD source...
BEGIN
SET
psql:/home/opc/ogg_dvd_lab/01_load_source.sql:43: NOTICE:  Appended: 1000 rentals/payments, 100 customers/addresses, 50 films, 25 actors, 200 inventory, 150 cast links, 50 category links
CALL
COMMIT
Source data load completed.
BATCH_COMMIT|186|2026-09-27T15:26:49Z
BATCH_START|187|2026-09-27T15:26:51Z
Appending 1000 rentals and payments to the SYD source...
BEGIN
SET
psql:/home/opc/ogg_dvd_lab/01_load_source.sql:43: NOTICE:  Appended: 1000 rentals/payments, 100 customers/addresses, 50 films, 25 actors, 200 inventory, 150 cast links, 50 category links
CALL
COMMIT
Source data load completed.
BATCH_COMMIT|187|2026-09-27T15:26:51Z
BATCH_START|188|2026-09-27T15:26:53Z
Appending 1000 rentals and payments to the SYD source...
BEGIN
SET
psql:/home/opc/ogg_dvd_lab/01_load_source.sql:43: NOTICE:  Appended: 1000 rentals/payments, 100 customers/addresses, 50 films, 25 actors, 200 inventory, 150 cast links, 50 category links
CALL
COMMIT
Source data load completed.
BATCH_COMMIT|188|2026-09-27T15:26:53Z
BATCH_START|189|2026-09-27T15:26:55Z
Appending 1000 rentals and payments to the SYD source...
BEGIN
SET
psql:/home/opc/ogg_dvd_lab/01_load_source.sql:43: NOTICE:  Appended: 1000 rentals/payments, 100 customers/addresses, 50 films, 25 actors, 200 inventory, 150 cast links, 50 category links
CALL
COMMIT
Source data load completed.
BATCH_COMMIT|189|2026-09-27T15:26:55Z
BATCH_START|190|2026-09-27T15:26:57Z
Appending 1000 rentals and payments to the SYD source...
BEGIN
SET
psql:/home/opc/ogg_dvd_lab/01_load_source.sql:43: NOTICE:  Appended: 1000 rentals/payments, 100 customers/addresses, 50 films, 25 actors, 200 inventory, 150 cast links, 50 category links
CALL
COMMIT
Source data load completed.
BATCH_COMMIT|190|2026-09-27T15:26:58Z
BATCH_START|191|2026-09-27T15:27:00Z
Appending 1000 rentals and payments to the SYD source...
BEGIN
SET
psql:/home/opc/ogg_dvd_lab/01_load_source.sql:43: NOTICE:  Appended: 1000 rentals/payments, 100 customers/addresses, 50 films, 25 actors, 200 inventory, 150 cast links, 50 category links
CALL
COMMIT
Source data load completed.
BATCH_COMMIT|191|2026-09-27T15:27:00Z
BATCH_START|192|2026-09-27T15:27:02Z
Appending 1000 rentals and payments to the SYD source...
BEGIN
SET
psql:/home/opc/ogg_dvd_lab/01_load_source.sql:43: NOTICE:  Appended: 1000 rentals/payments, 100 customers/addresses, 50 films, 25 actors, 200 inventory, 150 cast links, 50 category links
CALL
COMMIT
Source data load completed.
BATCH_COMMIT|192|2026-09-27T15:27:02Z
BATCH_START|193|2026-09-27T15:27:04Z
Appending 1000 rentals and payments to the SYD source...
BEGIN
SET
psql:/home/opc/ogg_dvd_lab/01_load_source.sql:43: NOTICE:  Appended: 1000 rentals/payments, 100 customers/addresses, 50 films, 25 actors, 200 inventory, 150 cast links, 50 category links
CALL
COMMIT
Source data load completed.
BATCH_COMMIT|193|2026-09-27T15:27:04Z
BATCH_START|194|2026-09-27T15:27:06Z
Appending 1000 rentals and payments to the SYD source...
BEGIN
SET
psql:/home/opc/ogg_dvd_lab/01_load_source.sql:43: NOTICE:  Appended: 1000 rentals/payments, 100 customers/addresses, 50 films, 25 actors, 200 inventory, 150 cast links, 50 category links
CALL
COMMIT
Source data load completed.
BATCH_COMMIT|194|2026-09-27T15:27:06Z
BATCH_START|195|2026-09-27T15:27:08Z
Appending 1000 rentals and payments to the SYD source...
BEGIN
SET
psql:/home/opc/ogg_dvd_lab/01_load_source.sql:43: NOTICE:  Appended: 1000 rentals/payments, 100 customers/addresses, 50 films, 25 actors, 200 inventory, 150 cast links, 50 category links
CALL
COMMIT
Source data load completed.
BATCH_COMMIT|195|2026-09-27T15:27:08Z
BATCH_START|196|2026-09-27T15:27:10Z
Appending 1000 rentals and payments to the SYD source...
BEGIN
SET
psql:/home/opc/ogg_dvd_lab/01_load_source.sql:43: NOTICE:  Appended: 1000 rentals/payments, 100 customers/addresses, 50 films, 25 actors, 200 inventory, 150 cast links, 50 category links
CALL
COMMIT
Source data load completed.
BATCH_COMMIT|196|2026-09-27T15:27:10Z
BATCH_START|197|2026-09-27T15:27:12Z
Appending 1000 rentals and payments to the SYD source...
BEGIN
SET
psql:/home/opc/ogg_dvd_lab/01_load_source.sql:43: NOTICE:  Appended: 1000 rentals/payments, 100 customers/addresses, 50 films, 25 actors, 200 inventory, 150 cast links, 50 category links
CALL
COMMIT
Source data load completed.
BATCH_COMMIT|197|2026-09-27T15:27:12Z
BATCH_START|198|2026-09-27T15:27:14Z
Appending 1000 rentals and payments to the SYD source...
BEGIN
SET
psql:/home/opc/ogg_dvd_lab/01_load_source.sql:43: NOTICE:  Appended: 1000 rentals/payments, 100 customers/addresses, 50 films, 25 actors, 200 inventory, 150 cast links, 50 category links
CALL
COMMIT
Source data load completed.
BATCH_COMMIT|198|2026-09-27T15:27:15Z
BATCH_START|199|2026-09-27T15:27:17Z
Appending 1000 rentals and payments to the SYD source...
BEGIN
SET
psql:/home/opc/ogg_dvd_lab/01_load_source.sql:43: NOTICE:  Appended: 1000 rentals/payments, 100 customers/addresses, 50 films, 25 actors, 200 inventory, 150 cast links, 50 category links
CALL
COMMIT
Source data load completed.
BATCH_COMMIT|199|2026-09-27T15:27:17Z
BATCH_START|200|2026-09-27T15:27:19Z
Appending 1000 rentals and payments to the SYD source...
BEGIN
SET
psql:/home/opc/ogg_dvd_lab/01_load_source.sql:43: NOTICE:  Appended: 1000 rentals/payments, 100 customers/addresses, 50 films, 25 actors, 200 inventory, 150 cast links, 50 category links
CALL
COMMIT
Source data load completed.
BATCH_COMMIT|200|2026-09-27T15:27:19Z
BATCH_START|201|2026-09-27T15:27:21Z
Appending 1000 rentals and payments to the SYD source...
BEGIN
SET
psql:/home/opc/ogg_dvd_lab/01_load_source.sql:43: NOTICE:  Appended: 1000 rentals/payments, 100 customers/addresses, 50 films, 25 actors, 200 inventory, 150 cast links, 50 category links
CALL
COMMIT
Source data load completed.
BATCH_COMMIT|201|2026-09-27T15:27:21Z
BATCH_START|202|2026-09-27T15:27:23Z
Appending 1000 rentals and payments to the SYD source...
BEGIN
SET
psql:/home/opc/ogg_dvd_lab/01_load_source.sql:43: NOTICE:  Appended: 1000 rentals/payments, 100 customers/addresses, 50 films, 25 actors, 200 inventory, 150 cast links, 50 category links
CALL
COMMIT
Source data load completed.
BATCH_COMMIT|202|2026-09-27T15:27:23Z
BATCH_START|203|2026-09-27T15:27:25Z
Appending 1000 rentals and payments to the SYD source...
BEGIN
SET
psql:/home/opc/ogg_dvd_lab/01_load_source.sql:43: NOTICE:  Appended: 1000 rentals/payments, 100 customers/addresses, 50 films, 25 actors, 200 inventory, 150 cast links, 50 category links
CALL
COMMIT
Source data load completed.
BATCH_COMMIT|203|2026-09-27T15:27:25Z
BATCH_START|204|2026-09-27T15:27:27Z
Appending 1000 rentals and payments to the SYD source...
BEGIN
SET
psql:/home/opc/ogg_dvd_lab/01_load_source.sql:43: NOTICE:  Appended: 1000 rentals/payments, 100 customers/addresses, 50 films, 25 actors, 200 inventory, 150 cast links, 50 category links
CALL
COMMIT
Source data load completed.
BATCH_COMMIT|204|2026-09-27T15:27:27Z
BATCH_START|205|2026-09-27T15:27:29Z
Appending 1000 rentals and payments to the SYD source...
BEGIN
SET
psql:/home/opc/ogg_dvd_lab/01_load_source.sql:43: NOTICE:  Appended: 1000 rentals/payments, 100 customers/addresses, 50 films, 25 actors, 200 inventory, 150 cast links, 50 category links
CALL
COMMIT
Source data load completed.
BATCH_COMMIT|205|2026-09-27T15:27:30Z
BATCH_START|206|2026-09-27T15:27:32Z
Appending 1000 rentals and payments to the SYD source...
BEGIN
SET
psql:/home/opc/ogg_dvd_lab/01_load_source.sql:43: NOTICE:  Appended: 1000 rentals/payments, 100 customers/addresses, 50 films, 25 actors, 200 inventory, 150 cast links, 50 category links
CALL
COMMIT
Source data load completed.
BATCH_COMMIT|206|2026-09-27T15:27:32Z
BATCH_START|207|2026-09-27T15:27:34Z
Appending 1000 rentals and payments to the SYD source...
BEGIN
SET
psql:/home/opc/ogg_dvd_lab/01_load_source.sql:43: NOTICE:  Appended: 1000 rentals/payments, 100 customers/addresses, 50 films, 25 actors, 200 inventory, 150 cast links, 50 category links
CALL
COMMIT
Source data load completed.
BATCH_COMMIT|207|2026-09-27T15:27:34Z
BATCH_START|208|2026-09-27T15:27:36Z
Appending 1000 rentals and payments to the SYD source...
BEGIN
SET
psql:/home/opc/ogg_dvd_lab/01_load_source.sql:43: NOTICE:  Appended: 1000 rentals/payments, 100 customers/addresses, 50 films, 25 actors, 200 inventory, 150 cast links, 50 category links
CALL
COMMIT
Source data load completed.
BATCH_COMMIT|208|2026-09-27T15:27:36Z
BATCH_START|209|2026-09-27T15:27:38Z
Appending 1000 rentals and payments to the SYD source...
BEGIN
SET
psql:/home/opc/ogg_dvd_lab/01_load_source.sql:43: NOTICE:  Appended: 1000 rentals/payments, 100 customers/addresses, 50 films, 25 actors, 200 inventory, 150 cast links, 50 category links
CALL
COMMIT
Source data load completed.
BATCH_COMMIT|209|2026-09-27T15:27:38Z
BATCH_START|210|2026-09-27T15:27:40Z
Appending 1000 rentals and payments to the SYD source...
BEGIN
SET
psql:/home/opc/ogg_dvd_lab/01_load_source.sql:43: NOTICE:  Appended: 1000 rentals/payments, 100 customers/addresses, 50 films, 25 actors, 200 inventory, 150 cast links, 50 category links
CALL
COMMIT
Source data load completed.
BATCH_COMMIT|210|2026-09-27T15:27:40Z
BATCH_START|211|2026-09-27T15:27:42Z
Appending 1000 rentals and payments to the SYD source...
BEGIN
SET
psql:/home/opc/ogg_dvd_lab/01_load_source.sql:43: NOTICE:  Appended: 1000 rentals/payments, 100 customers/addresses, 50 films, 25 actors, 200 inventory, 150 cast links, 50 category links
CALL
COMMIT
Source data load completed.
BATCH_COMMIT|211|2026-09-27T15:27:42Z
BATCH_START|212|2026-09-27T15:27:44Z
Appending 1000 rentals and payments to the SYD source...
BEGIN
SET
psql:/home/opc/ogg_dvd_lab/01_load_source.sql:43: NOTICE:  Appended: 1000 rentals/payments, 100 customers/addresses, 50 films, 25 actors, 200 inventory, 150 cast links, 50 category links
CALL
COMMIT
Source data load completed.
BATCH_COMMIT|212|2026-09-27T15:27:44Z
BATCH_START|213|2026-09-27T15:27:46Z
Appending 1000 rentals and payments to the SYD source...
BEGIN
SET
psql:/home/opc/ogg_dvd_lab/01_load_source.sql:43: NOTICE:  Appended: 1000 rentals/payments, 100 customers/addresses, 50 films, 25 actors, 200 inventory, 150 cast links, 50 category links
CALL
COMMIT
Source data load completed.
BATCH_COMMIT|213|2026-09-27T15:27:46Z
BATCH_START|214|2026-09-27T15:27:48Z
Appending 1000 rentals and payments to the SYD source...
BEGIN
SET
psql:/home/opc/ogg_dvd_lab/01_load_source.sql:43: NOTICE:  Appended: 1000 rentals/payments, 100 customers/addresses, 50 films, 25 actors, 200 inventory, 150 cast links, 50 category links
CALL
COMMIT
Source data load completed.
BATCH_COMMIT|214|2026-09-27T15:27:49Z
BATCH_START|215|2026-09-27T15:27:51Z
Appending 1000 rentals and payments to the SYD source...
BEGIN
SET
psql:/home/opc/ogg_dvd_lab/01_load_source.sql:43: NOTICE:  Appended: 1000 rentals/payments, 100 customers/addresses, 50 films, 25 actors, 200 inventory, 150 cast links, 50 category links
CALL
COMMIT
Source data load completed.
BATCH_COMMIT|215|2026-09-27T15:27:51Z
BATCH_START|216|2026-09-27T15:27:53Z
Appending 1000 rentals and payments to the SYD source...
BEGIN
SET
psql:/home/opc/ogg_dvd_lab/01_load_source.sql:43: NOTICE:  Appended: 1000 rentals/payments, 100 customers/addresses, 50 films, 25 actors, 200 inventory, 150 cast links, 50 category links
CALL
COMMIT
Source data load completed.
BATCH_COMMIT|216|2026-09-27T15:27:53Z
BATCH_START|217|2026-09-27T15:27:55Z
Appending 1000 rentals and payments to the SYD source...
BEGIN
SET
psql:/home/opc/ogg_dvd_lab/01_load_source.sql:43: NOTICE:  Appended: 1000 rentals/payments, 100 customers/addresses, 50 films, 25 actors, 200 inventory, 150 cast links, 50 category links
CALL
COMMIT
Source data load completed.
BATCH_COMMIT|217|2026-09-27T15:27:55Z
BATCH_START|218|2026-09-27T15:27:57Z
Appending 1000 rentals and payments to the SYD source...
BEGIN
SET
psql:/home/opc/ogg_dvd_lab/01_load_source.sql:43: NOTICE:  Appended: 1000 rentals/payments, 100 customers/addresses, 50 films, 25 actors, 200 inventory, 150 cast links, 50 category links
CALL
COMMIT
Source data load completed.
BATCH_COMMIT|218|2026-09-27T15:27:57Z
BATCH_START|219|2026-09-27T15:27:59Z
Appending 1000 rentals and payments to the SYD source...
BEGIN
SET
psql:/home/opc/ogg_dvd_lab/01_load_source.sql:43: NOTICE:  Appended: 1000 rentals/payments, 100 customers/addresses, 50 films, 25 actors, 200 inventory, 150 cast links, 50 category links
CALL
COMMIT
Source data load completed.
BATCH_COMMIT|219|2026-09-27T15:27:59Z
BATCH_START|220|2026-09-27T15:28:01Z
Appending 1000 rentals and payments to the SYD source...
BEGIN
SET
psql:/home/opc/ogg_dvd_lab/01_load_source.sql:43: NOTICE:  Appended: 1000 rentals/payments, 100 customers/addresses, 50 films, 25 actors, 200 inventory, 150 cast links, 50 category links
CALL
COMMIT
Source data load completed.
BATCH_COMMIT|220|2026-09-27T15:28:01Z
BATCH_START|221|2026-09-27T15:28:03Z
Appending 1000 rentals and payments to the SYD source...
BEGIN
SET
psql:/home/opc/ogg_dvd_lab/01_load_source.sql:43: NOTICE:  Appended: 1000 rentals/payments, 100 customers/addresses, 50 films, 25 actors, 200 inventory, 150 cast links, 50 category links
CALL
COMMIT
Source data load completed.
BATCH_COMMIT|221|2026-09-27T15:28:04Z
BATCH_START|222|2026-09-27T15:28:06Z
Appending 1000 rentals and payments to the SYD source...
BEGIN
SET
psql:/home/opc/ogg_dvd_lab/01_load_source.sql:43: NOTICE:  Appended: 1000 rentals/payments, 100 customers/addresses, 50 films, 25 actors, 200 inventory, 150 cast links, 50 category links
CALL
COMMIT
Source data load completed.
BATCH_COMMIT|222|2026-09-27T15:28:06Z
BATCH_START|223|2026-09-27T15:28:08Z
Appending 1000 rentals and payments to the SYD source...
BEGIN
SET
psql:/home/opc/ogg_dvd_lab/01_load_source.sql:43: NOTICE:  Appended: 1000 rentals/payments, 100 customers/addresses, 50 films, 25 actors, 200 inventory, 150 cast links, 50 category links
CALL
COMMIT
Source data load completed.
BATCH_COMMIT|223|2026-09-27T15:28:08Z
BATCH_START|224|2026-09-27T15:28:10Z
Appending 1000 rentals and payments to the SYD source...
BEGIN
SET
psql:/home/opc/ogg_dvd_lab/01_load_source.sql:43: NOTICE:  Appended: 1000 rentals/payments, 100 customers/addresses, 50 films, 25 actors, 200 inventory, 150 cast links, 50 category links
CALL
COMMIT
Source data load completed.
BATCH_COMMIT|224|2026-09-27T15:28:10Z
BATCH_START|225|2026-09-27T15:28:12Z
Appending 1000 rentals and payments to the SYD source...
BEGIN
SET
psql:/home/opc/ogg_dvd_lab/01_load_source.sql:43: NOTICE:  Appended: 1000 rentals/payments, 100 customers/addresses, 50 films, 25 actors, 200 inventory, 150 cast links, 50 category links
CALL
COMMIT
Source data load completed.
BATCH_COMMIT|225|2026-09-27T15:28:12Z
BATCH_START|226|2026-09-27T15:28:14Z
Appending 1000 rentals and payments to the SYD source...
BEGIN
SET
psql:/home/opc/ogg_dvd_lab/01_load_source.sql:43: NOTICE:  Appended: 1000 rentals/payments, 100 customers/addresses, 50 films, 25 actors, 200 inventory, 150 cast links, 50 category links
CALL
COMMIT
Source data load completed.
BATCH_COMMIT|226|2026-09-27T15:28:14Z
BATCH_START|227|2026-09-27T15:28:16Z
Appending 1000 rentals and payments to the SYD source...
BEGIN
SET
psql:/home/opc/ogg_dvd_lab/01_load_source.sql:43: NOTICE:  Appended: 1000 rentals/payments, 100 customers/addresses, 50 films, 25 actors, 200 inventory, 150 cast links, 50 category links
CALL
COMMIT
Source data load completed.
BATCH_COMMIT|227|2026-09-27T15:28:16Z
BATCH_START|228|2026-09-27T15:28:18Z
Appending 1000 rentals and payments to the SYD source...
BEGIN
SET
psql:/home/opc/ogg_dvd_lab/01_load_source.sql:43: NOTICE:  Appended: 1000 rentals/payments, 100 customers/addresses, 50 films, 25 actors, 200 inventory, 150 cast links, 50 category links
CALL
COMMIT
Source data load completed.
BATCH_COMMIT|228|2026-09-27T15:28:19Z
BATCH_START|229|2026-09-27T15:28:21Z
Appending 1000 rentals and payments to the SYD source...
BEGIN
SET
psql:/home/opc/ogg_dvd_lab/01_load_source.sql:43: NOTICE:  Appended: 1000 rentals/payments, 100 customers/addresses, 50 films, 25 actors, 200 inventory, 150 cast links, 50 category links
CALL
COMMIT
Source data load completed.
BATCH_COMMIT|229|2026-09-27T15:28:21Z
BATCH_START|230|2026-09-27T15:28:23Z
Appending 1000 rentals and payments to the SYD source...
BEGIN
SET
psql:/home/opc/ogg_dvd_lab/01_load_source.sql:43: NOTICE:  Appended: 1000 rentals/payments, 100 customers/addresses, 50 films, 25 actors, 200 inventory, 150 cast links, 50 category links
CALL
COMMIT
Source data load completed.
BATCH_COMMIT|230|2026-09-27T15:28:23Z
BATCH_START|231|2026-09-27T15:28:25Z
Appending 1000 rentals and payments to the SYD source...
BEGIN
SET
psql:/home/opc/ogg_dvd_lab/01_load_source.sql:43: NOTICE:  Appended: 1000 rentals/payments, 100 customers/addresses, 50 films, 25 actors, 200 inventory, 150 cast links, 50 category links
CALL
COMMIT
Source data load completed.
BATCH_COMMIT|231|2026-09-27T15:28:25Z
BATCH_START|232|2026-09-27T15:28:27Z
Appending 1000 rentals and payments to the SYD source...
BEGIN
SET
psql:/home/opc/ogg_dvd_lab/01_load_source.sql:43: NOTICE:  Appended: 1000 rentals/payments, 100 customers/addresses, 50 films, 25 actors, 200 inventory, 150 cast links, 50 category links
CALL
COMMIT
Source data load completed.
BATCH_COMMIT|232|2026-09-27T15:28:27Z
BATCH_START|233|2026-09-27T15:28:29Z
Appending 1000 rentals and payments to the SYD source...
BEGIN
SET
psql:/home/opc/ogg_dvd_lab/01_load_source.sql:43: NOTICE:  Appended: 1000 rentals/payments, 100 customers/addresses, 50 films, 25 actors, 200 inventory, 150 cast links, 50 category links
CALL
COMMIT
Source data load completed.
BATCH_COMMIT|233|2026-09-27T15:28:29Z
BATCH_START|234|2026-09-27T15:28:31Z
Appending 1000 rentals and payments to the SYD source...
BEGIN
SET
psql:/home/opc/ogg_dvd_lab/01_load_source.sql:43: NOTICE:  Appended: 1000 rentals/payments, 100 customers/addresses, 50 films, 25 actors, 200 inventory, 150 cast links, 50 category links
CALL
COMMIT
Source data load completed.
BATCH_COMMIT|234|2026-09-27T15:28:31Z
BATCH_START|235|2026-09-27T15:28:33Z
Appending 1000 rentals and payments to the SYD source...
BEGIN
SET
psql:/home/opc/ogg_dvd_lab/01_load_source.sql:43: NOTICE:  Appended: 1000 rentals/payments, 100 customers/addresses, 50 films, 25 actors, 200 inventory, 150 cast links, 50 category links
CALL
COMMIT
Source data load completed.
BATCH_COMMIT|235|2026-09-27T15:28:33Z
BATCH_START|236|2026-09-27T15:28:35Z
Appending 1000 rentals and payments to the SYD source...
BEGIN
SET
psql:/home/opc/ogg_dvd_lab/01_load_source.sql:43: NOTICE:  Appended: 1000 rentals/payments, 100 customers/addresses, 50 films, 25 actors, 200 inventory, 150 cast links, 50 category links
CALL
COMMIT
Source data load completed.
BATCH_COMMIT|236|2026-09-27T15:28:36Z
BATCH_START|237|2026-09-27T15:28:38Z
Appending 1000 rentals and payments to the SYD source...
BEGIN
SET
psql:/home/opc/ogg_dvd_lab/01_load_source.sql:43: NOTICE:  Appended: 1000 rentals/payments, 100 customers/addresses, 50 films, 25 actors, 200 inventory, 150 cast links, 50 category links
CALL
COMMIT
Source data load completed.
BATCH_COMMIT|237|2026-09-27T15:28:38Z
BATCH_START|238|2026-09-27T15:28:40Z
Appending 1000 rentals and payments to the SYD source...
BEGIN
SET
psql:/home/opc/ogg_dvd_lab/01_load_source.sql:43: NOTICE:  Appended: 1000 rentals/payments, 100 customers/addresses, 50 films, 25 actors, 200 inventory, 150 cast links, 50 category links
CALL
COMMIT
Source data load completed.
BATCH_COMMIT|238|2026-09-27T15:28:40Z
BATCH_START|239|2026-09-27T15:28:42Z
Appending 1000 rentals and payments to the SYD source...
BEGIN
SET
psql:/home/opc/ogg_dvd_lab/01_load_source.sql:43: NOTICE:  Appended: 1000 rentals/payments, 100 customers/addresses, 50 films, 25 actors, 200 inventory, 150 cast links, 50 category links
CALL
COMMIT
Source data load completed.
BATCH_COMMIT|239|2026-09-27T15:28:42Z
BATCH_START|240|2026-09-27T15:28:44Z
Appending 1000 rentals and payments to the SYD source...
BEGIN
SET
psql:/home/opc/ogg_dvd_lab/01_load_source.sql:43: NOTICE:  Appended: 1000 rentals/payments, 100 customers/addresses, 50 films, 25 actors, 200 inventory, 150 cast links, 50 category links
CALL
COMMIT
Source data load completed.
BATCH_COMMIT|240|2026-09-27T15:28:44Z
BATCH_START|241|2026-09-27T15:28:46Z
Appending 1000 rentals and payments to the SYD source...
BEGIN
SET
psql:/home/opc/ogg_dvd_lab/01_load_source.sql:43: NOTICE:  Appended: 1000 rentals/payments, 100 customers/addresses, 50 films, 25 actors, 200 inventory, 150 cast links, 50 category links
CALL
COMMIT
Source data load completed.
BATCH_COMMIT|241|2026-09-27T15:28:46Z
BATCH_START|242|2026-09-27T15:28:48Z
Appending 1000 rentals and payments to the SYD source...
BEGIN
SET
psql:/home/opc/ogg_dvd_lab/01_load_source.sql:43: NOTICE:  Appended: 1000 rentals/payments, 100 customers/addresses, 50 films, 25 actors, 200 inventory, 150 cast links, 50 category links
CALL
COMMIT
Source data load completed.
BATCH_COMMIT|242|2026-09-27T15:28:48Z
BATCH_START|243|2026-09-27T15:28:50Z
Appending 1000 rentals and payments to the SYD source...
BEGIN
SET
psql:/home/opc/ogg_dvd_lab/01_load_source.sql:43: NOTICE:  Appended: 1000 rentals/payments, 100 customers/addresses, 50 films, 25 actors, 200 inventory, 150 cast links, 50 category links
CALL
COMMIT
Source data load completed.
BATCH_COMMIT|243|2026-09-27T15:28:50Z
BATCH_START|244|2026-09-27T15:28:52Z
Appending 1000 rentals and payments to the SYD source...
BEGIN
SET
psql:/home/opc/ogg_dvd_lab/01_load_source.sql:43: NOTICE:  Appended: 1000 rentals/payments, 100 customers/addresses, 50 films, 25 actors, 200 inventory, 150 cast links, 50 category links
CALL
COMMIT
Source data load completed.
BATCH_COMMIT|244|2026-09-27T15:28:52Z
BATCH_START|245|2026-09-27T15:28:54Z
Appending 1000 rentals and payments to the SYD source...
BEGIN
SET
psql:/home/opc/ogg_dvd_lab/01_load_source.sql:43: NOTICE:  Appended: 1000 rentals/payments, 100 customers/addresses, 50 films, 25 actors, 200 inventory, 150 cast links, 50 category links
CALL
COMMIT
Source data load completed.
BATCH_COMMIT|245|2026-09-27T15:28:55Z
BATCH_START|246|2026-09-27T15:28:57Z
Appending 1000 rentals and payments to the SYD source...
BEGIN
SET
psql:/home/opc/ogg_dvd_lab/01_load_source.sql:43: NOTICE:  Appended: 1000 rentals/payments, 100 customers/addresses, 50 films, 25 actors, 200 inventory, 150 cast links, 50 category links
CALL
COMMIT
Source data load completed.
BATCH_COMMIT|246|2026-09-27T15:28:57Z
BATCH_START|247|2026-09-27T15:28:59Z
Appending 1000 rentals and payments to the SYD source...
BEGIN
SET
psql:/home/opc/ogg_dvd_lab/01_load_source.sql:43: NOTICE:  Appended: 1000 rentals/payments, 100 customers/addresses, 50 films, 25 actors, 200 inventory, 150 cast links, 50 category links
CALL
COMMIT
Source data load completed.
BATCH_COMMIT|247|2026-09-27T15:28:59Z
BATCH_START|248|2026-09-27T15:29:01Z
Appending 1000 rentals and payments to the SYD source...
BEGIN
SET
psql:/home/opc/ogg_dvd_lab/01_load_source.sql:43: NOTICE:  Appended: 1000 rentals/payments, 100 customers/addresses, 50 films, 25 actors, 200 inventory, 150 cast links, 50 category links
CALL
COMMIT
Source data load completed.
BATCH_COMMIT|248|2026-09-27T15:29:01Z
BATCH_START|249|2026-09-27T15:29:03Z
Appending 1000 rentals and payments to the SYD source...
BEGIN
SET
psql:/home/opc/ogg_dvd_lab/01_load_source.sql:43: NOTICE:  Appended: 1000 rentals/payments, 100 customers/addresses, 50 films, 25 actors, 200 inventory, 150 cast links, 50 category links
CALL
COMMIT
Source data load completed.
BATCH_COMMIT|249|2026-09-27T15:29:03Z
BATCH_START|250|2026-09-27T15:29:05Z
Appending 1000 rentals and payments to the SYD source...
BEGIN
SET
psql:/home/opc/ogg_dvd_lab/01_load_source.sql:43: NOTICE:  Appended: 1000 rentals/payments, 100 customers/addresses, 50 films, 25 actors, 200 inventory, 150 cast links, 50 category links
CALL
COMMIT
Source data load completed.
BATCH_COMMIT|250|2026-09-27T15:29:05Z
BATCH_START|251|2026-09-27T15:29:07Z
Appending 1000 rentals and payments to the SYD source...
BEGIN
SET
psql:/home/opc/ogg_dvd_lab/01_load_source.sql:43: NOTICE:  Appended: 1000 rentals/payments, 100 customers/addresses, 50 films, 25 actors, 200 inventory, 150 cast links, 50 category links
CALL
COMMIT
Source data load completed.
BATCH_COMMIT|251|2026-09-27T15:29:07Z
BATCH_START|252|2026-09-27T15:29:09Z
Appending 1000 rentals and payments to the SYD source...
BEGIN
SET
psql:/home/opc/ogg_dvd_lab/01_load_source.sql:43: NOTICE:  Appended: 1000 rentals/payments, 100 customers/addresses, 50 films, 25 actors, 200 inventory, 150 cast links, 50 category links
CALL
COMMIT
Source data load completed.
BATCH_COMMIT|252|2026-09-27T15:29:09Z
BATCH_START|253|2026-09-27T15:29:11Z
Appending 1000 rentals and payments to the SYD source...
BEGIN
SET
psql:/home/opc/ogg_dvd_lab/01_load_source.sql:43: NOTICE:  Appended: 1000 rentals/payments, 100 customers/addresses, 50 films, 25 actors, 200 inventory, 150 cast links, 50 category links
CALL
COMMIT
Source data load completed.
BATCH_COMMIT|253|2026-09-27T15:29:12Z
BATCH_START|254|2026-09-27T15:29:14Z
Appending 1000 rentals and payments to the SYD source...
BEGIN
SET
psql:/home/opc/ogg_dvd_lab/01_load_source.sql:43: NOTICE:  Appended: 1000 rentals/payments, 100 customers/addresses, 50 films, 25 actors, 200 inventory, 150 cast links, 50 category links
CALL
COMMIT
Source data load completed.
BATCH_COMMIT|254|2026-09-27T15:29:14Z
BATCH_START|255|2026-09-27T15:29:16Z
Appending 1000 rentals and payments to the SYD source...
BEGIN
SET
psql:/home/opc/ogg_dvd_lab/01_load_source.sql:43: NOTICE:  Appended: 1000 rentals/payments, 100 customers/addresses, 50 films, 25 actors, 200 inventory, 150 cast links, 50 category links
CALL
COMMIT
Source data load completed.
BATCH_COMMIT|255|2026-09-27T15:29:16Z
BATCH_START|256|2026-09-27T15:29:18Z
Appending 1000 rentals and payments to the SYD source...
BEGIN
SET
psql:/home/opc/ogg_dvd_lab/01_load_source.sql:43: NOTICE:  Appended: 1000 rentals/payments, 100 customers/addresses, 50 films, 25 actors, 200 inventory, 150 cast links, 50 category links
CALL
COMMIT
Source data load completed.
BATCH_COMMIT|256|2026-09-27T15:29:18Z
BATCH_START|257|2026-09-27T15:29:20Z
Appending 1000 rentals and payments to the SYD source...
BEGIN
SET
psql:/home/opc/ogg_dvd_lab/01_load_source.sql:43: NOTICE:  Appended: 1000 rentals/payments, 100 customers/addresses, 50 films, 25 actors, 200 inventory, 150 cast links, 50 category links
CALL
COMMIT
Source data load completed.
BATCH_COMMIT|257|2026-09-27T15:29:20Z
BATCH_START|258|2026-09-27T15:29:22Z
Appending 1000 rentals and payments to the SYD source...
BEGIN
SET
psql:/home/opc/ogg_dvd_lab/01_load_source.sql:43: NOTICE:  Appended: 1000 rentals/payments, 100 customers/addresses, 50 films, 25 actors, 200 inventory, 150 cast links, 50 category links
CALL
COMMIT
Source data load completed.
BATCH_COMMIT|258|2026-09-27T15:29:22Z
BATCH_START|259|2026-09-27T15:29:24Z
Appending 1000 rentals and payments to the SYD source...
BEGIN
SET
psql:/home/opc/ogg_dvd_lab/01_load_source.sql:43: NOTICE:  Appended: 1000 rentals/payments, 100 customers/addresses, 50 films, 25 actors, 200 inventory, 150 cast links, 50 category links
CALL
COMMIT
Source data load completed.
BATCH_COMMIT|259|2026-09-27T15:29:24Z
BATCH_START|260|2026-09-27T15:29:26Z
Appending 1000 rentals and payments to the SYD source...
BEGIN
SET
psql:/home/opc/ogg_dvd_lab/01_load_source.sql:43: NOTICE:  Appended: 1000 rentals/payments, 100 customers/addresses, 50 films, 25 actors, 200 inventory, 150 cast links, 50 category links
CALL
COMMIT
Source data load completed.
BATCH_COMMIT|260|2026-09-27T15:29:26Z
BATCH_START|261|2026-09-27T15:29:28Z
Appending 1000 rentals and payments to the SYD source...
BEGIN
SET
psql:/home/opc/ogg_dvd_lab/01_load_source.sql:43: NOTICE:  Appended: 1000 rentals/payments, 100 customers/addresses, 50 films, 25 actors, 200 inventory, 150 cast links, 50 category links
CALL
COMMIT
Source data load completed.
BATCH_COMMIT|261|2026-09-27T15:29:29Z
BATCH_START|262|2026-09-27T15:29:31Z
Appending 1000 rentals and payments to the SYD source...
BEGIN
SET
psql:/home/opc/ogg_dvd_lab/01_load_source.sql:43: NOTICE:  Appended: 1000 rentals/payments, 100 customers/addresses, 50 films, 25 actors, 200 inventory, 150 cast links, 50 category links
CALL
COMMIT
Source data load completed.
BATCH_COMMIT|262|2026-09-27T15:29:31Z
BATCH_START|263|2026-09-27T15:29:33Z
Appending 1000 rentals and payments to the SYD source...
BEGIN
SET
psql:/home/opc/ogg_dvd_lab/01_load_source.sql:43: NOTICE:  Appended: 1000 rentals/payments, 100 customers/addresses, 50 films, 25 actors, 200 inventory, 150 cast links, 50 category links
CALL
COMMIT
Source data load completed.
BATCH_COMMIT|263|2026-09-27T15:29:33Z
BATCH_START|264|2026-09-27T15:29:35Z
Appending 1000 rentals and payments to the SYD source...
BEGIN
SET
psql:/home/opc/ogg_dvd_lab/01_load_source.sql:43: NOTICE:  Appended: 1000 rentals/payments, 100 customers/addresses, 50 films, 25 actors, 200 inventory, 150 cast links, 50 category links
CALL
COMMIT
Source data load completed.
BATCH_COMMIT|264|2026-09-27T15:29:35Z
BATCH_START|265|2026-09-27T15:29:37Z
Appending 1000 rentals and payments to the SYD source...
BEGIN
SET
psql:/home/opc/ogg_dvd_lab/01_load_source.sql:43: NOTICE:  Appended: 1000 rentals/payments, 100 customers/addresses, 50 films, 25 actors, 200 inventory, 150 cast links, 50 category links
CALL
COMMIT
Source data load completed.
BATCH_COMMIT|265|2026-09-27T15:29:37Z
BATCH_START|266|2026-09-27T15:29:39Z
Appending 1000 rentals and payments to the SYD source...
BEGIN
SET
psql:/home/opc/ogg_dvd_lab/01_load_source.sql:43: NOTICE:  Appended: 1000 rentals/payments, 100 customers/addresses, 50 films, 25 actors, 200 inventory, 150 cast links, 50 category links
CALL
COMMIT
Source data load completed.
BATCH_COMMIT|266|2026-09-27T15:29:39Z
BATCH_START|267|2026-09-27T15:29:41Z
Appending 1000 rentals and payments to the SYD source...
BEGIN
SET
psql:/home/opc/ogg_dvd_lab/01_load_source.sql:43: NOTICE:  Appended: 1000 rentals/payments, 100 customers/addresses, 50 films, 25 actors, 200 inventory, 150 cast links, 50 category links
CALL
COMMIT
Source data load completed.
BATCH_COMMIT|267|2026-09-27T15:29:41Z
BATCH_START|268|2026-09-27T15:29:43Z
Appending 1000 rentals and payments to the SYD source...
BEGIN
SET
psql:/home/opc/ogg_dvd_lab/01_load_source.sql:43: NOTICE:  Appended: 1000 rentals/payments, 100 customers/addresses, 50 films, 25 actors, 200 inventory, 150 cast links, 50 category links
CALL
COMMIT
Source data load completed.
BATCH_COMMIT|268|2026-09-27T15:29:43Z
BATCH_START|269|2026-09-27T15:29:45Z
Appending 1000 rentals and payments to the SYD source...
BEGIN
SET
psql:/home/opc/ogg_dvd_lab/01_load_source.sql:43: NOTICE:  Appended: 1000 rentals/payments, 100 customers/addresses, 50 films, 25 actors, 200 inventory, 150 cast links, 50 category links
CALL
COMMIT
Source data load completed.
BATCH_COMMIT|269|2026-09-27T15:29:46Z
BATCH_START|270|2026-09-27T15:29:48Z
Appending 1000 rentals and payments to the SYD source...
BEGIN
SET
psql:/home/opc/ogg_dvd_lab/01_load_source.sql:43: NOTICE:  Appended: 1000 rentals/payments, 100 customers/addresses, 50 films, 25 actors, 200 inventory, 150 cast links, 50 category links
CALL
COMMIT
Source data load completed.
BATCH_COMMIT|270|2026-09-27T15:29:48Z
BATCH_START|271|2026-09-27T15:29:50Z
Appending 1000 rentals and payments to the SYD source...
BEGIN
SET
psql:/home/opc/ogg_dvd_lab/01_load_source.sql:43: NOTICE:  Appended: 1000 rentals/payments, 100 customers/addresses, 50 films, 25 actors, 200 inventory, 150 cast links, 50 category links
CALL
COMMIT
Source data load completed.
BATCH_COMMIT|271|2026-09-27T15:29:50Z
BATCH_START|272|2026-09-27T15:29:52Z
Appending 1000 rentals and payments to the SYD source...
BEGIN
SET
psql:/home/opc/ogg_dvd_lab/01_load_source.sql:43: NOTICE:  Appended: 1000 rentals/payments, 100 customers/addresses, 50 films, 25 actors, 200 inventory, 150 cast links, 50 category links
CALL
COMMIT
Source data load completed.
BATCH_COMMIT|272|2026-09-27T15:29:52Z
BATCH_START|273|2026-09-27T15:29:54Z
Appending 1000 rentals and payments to the SYD source...
BEGIN
SET
psql:/home/opc/ogg_dvd_lab/01_load_source.sql:43: NOTICE:  Appended: 1000 rentals/payments, 100 customers/addresses, 50 films, 25 actors, 200 inventory, 150 cast links, 50 category links
CALL
COMMIT
Source data load completed.
BATCH_COMMIT|273|2026-09-27T15:29:54Z
BATCH_START|274|2026-09-27T15:29:56Z
Appending 1000 rentals and payments to the SYD source...
BEGIN
SET
psql:/home/opc/ogg_dvd_lab/01_load_source.sql:43: NOTICE:  Appended: 1000 rentals/payments, 100 customers/addresses, 50 films, 25 actors, 200 inventory, 150 cast links, 50 category links
CALL
COMMIT
Source data load completed.
BATCH_COMMIT|274|2026-09-27T15:29:56Z
BATCH_START|275|2026-09-27T15:29:58Z
Appending 1000 rentals and payments to the SYD source...
BEGIN
SET
psql:/home/opc/ogg_dvd_lab/01_load_source.sql:43: NOTICE:  Appended: 1000 rentals/payments, 100 customers/addresses, 50 films, 25 actors, 200 inventory, 150 cast links, 50 category links
CALL
COMMIT
Source data load completed.
BATCH_COMMIT|275|2026-09-27T15:29:58Z
BATCH_START|276|2026-09-27T15:30:00Z
Appending 1000 rentals and payments to the SYD source...
BEGIN
SET
psql:/home/opc/ogg_dvd_lab/01_load_source.sql:43: NOTICE:  Appended: 1000 rentals/payments, 100 customers/addresses, 50 films, 25 actors, 200 inventory, 150 cast links, 50 category links
CALL
COMMIT
Source data load completed.
BATCH_COMMIT|276|2026-09-27T15:30:00Z
BATCH_START|277|2026-09-27T15:30:02Z
Appending 1000 rentals and payments to the SYD source...
BEGIN
SET
psql:/home/opc/ogg_dvd_lab/01_load_source.sql:43: NOTICE:  Appended: 1000 rentals/payments, 100 customers/addresses, 50 films, 25 actors, 200 inventory, 150 cast links, 50 category links
CALL
COMMIT
Source data load completed.
BATCH_COMMIT|277|2026-09-27T15:30:02Z
BATCH_START|278|2026-09-27T15:30:04Z
Appending 1000 rentals and payments to the SYD source...
BEGIN
SET
psql:/home/opc/ogg_dvd_lab/01_load_source.sql:43: NOTICE:  Appended: 1000 rentals/payments, 100 customers/addresses, 50 films, 25 actors, 200 inventory, 150 cast links, 50 category links
CALL
COMMIT
Source data load completed.
BATCH_COMMIT|278|2026-09-27T15:30:05Z
BATCH_START|279|2026-09-27T15:30:07Z
Appending 1000 rentals and payments to the SYD source...
BEGIN
SET
psql:/home/opc/ogg_dvd_lab/01_load_source.sql:43: NOTICE:  Appended: 1000 rentals/payments, 100 customers/addresses, 50 films, 25 actors, 200 inventory, 150 cast links, 50 category links
CALL
COMMIT
Source data load completed.
BATCH_COMMIT|279|2026-09-27T15:30:07Z
BATCH_START|280|2026-09-27T15:30:09Z
Appending 1000 rentals and payments to the SYD source...
BEGIN
SET
psql:/home/opc/ogg_dvd_lab/01_load_source.sql:43: NOTICE:  Appended: 1000 rentals/payments, 100 customers/addresses, 50 films, 25 actors, 200 inventory, 150 cast links, 50 category links
CALL
COMMIT
Source data load completed.
BATCH_COMMIT|280|2026-09-27T15:30:09Z
BATCH_START|281|2026-09-27T15:30:11Z
Appending 1000 rentals and payments to the SYD source...
BEGIN
SET
psql:/home/opc/ogg_dvd_lab/01_load_source.sql:43: NOTICE:  Appended: 1000 rentals/payments, 100 customers/addresses, 50 films, 25 actors, 200 inventory, 150 cast links, 50 category links
CALL
COMMIT
Source data load completed.
BATCH_COMMIT|281|2026-09-27T15:30:11Z
BATCH_START|282|2026-09-27T15:30:13Z
Appending 1000 rentals and payments to the SYD source...
BEGIN
SET
psql:/home/opc/ogg_dvd_lab/01_load_source.sql:43: NOTICE:  Appended: 1000 rentals/payments, 100 customers/addresses, 50 films, 25 actors, 200 inventory, 150 cast links, 50 category links
CALL
COMMIT
Source data load completed.
BATCH_COMMIT|282|2026-09-27T15:30:13Z
BATCH_START|283|2026-09-27T15:30:15Z
Appending 1000 rentals and payments to the SYD source...
BEGIN
SET
psql:/home/opc/ogg_dvd_lab/01_load_source.sql:43: NOTICE:  Appended: 1000 rentals/payments, 100 customers/addresses, 50 films, 25 actors, 200 inventory, 150 cast links, 50 category links
CALL
COMMIT
Source data load completed.
BATCH_COMMIT|283|2026-09-27T15:30:15Z
BATCH_START|284|2026-09-27T15:30:17Z
Appending 1000 rentals and payments to the SYD source...
BEGIN
SET
psql:/home/opc/ogg_dvd_lab/01_load_source.sql:43: NOTICE:  Appended: 1000 rentals/payments, 100 customers/addresses, 50 films, 25 actors, 200 inventory, 150 cast links, 50 category links
CALL
COMMIT
Source data load completed.
BATCH_COMMIT|284|2026-09-27T15:30:17Z
BATCH_START|285|2026-09-27T15:30:19Z
Appending 1000 rentals and payments to the SYD source...
BEGIN
SET
psql:/home/opc/ogg_dvd_lab/01_load_source.sql:43: NOTICE:  Appended: 1000 rentals/payments, 100 customers/addresses, 50 films, 25 actors, 200 inventory, 150 cast links, 50 category links
CALL
COMMIT
Source data load completed.
BATCH_COMMIT|285|2026-09-27T15:30:19Z
BATCH_START|286|2026-09-27T15:30:21Z
Appending 1000 rentals and payments to the SYD source...
BEGIN
SET
psql:/home/opc/ogg_dvd_lab/01_load_source.sql:43: NOTICE:  Appended: 1000 rentals/payments, 100 customers/addresses, 50 films, 25 actors, 200 inventory, 150 cast links, 50 category links
CALL
COMMIT
Source data load completed.
BATCH_COMMIT|286|2026-09-27T15:30:22Z
BATCH_START|287|2026-09-27T15:30:24Z
Appending 1000 rentals and payments to the SYD source...
BEGIN
SET
psql:/home/opc/ogg_dvd_lab/01_load_source.sql:43: NOTICE:  Appended: 1000 rentals/payments, 100 customers/addresses, 50 films, 25 actors, 200 inventory, 150 cast links, 50 category links
CALL
COMMIT
Source data load completed.
BATCH_COMMIT|287|2026-09-27T15:30:24Z
BATCH_START|288|2026-09-27T15:30:26Z
Appending 1000 rentals and payments to the SYD source...
BEGIN
SET
psql:/home/opc/ogg_dvd_lab/01_load_source.sql:43: NOTICE:  Appended: 1000 rentals/payments, 100 customers/addresses, 50 films, 25 actors, 200 inventory, 150 cast links, 50 category links
CALL
COMMIT
Source data load completed.
BATCH_COMMIT|288|2026-09-27T15:30:26Z
BATCH_START|289|2026-09-27T15:30:28Z
Appending 1000 rentals and payments to the SYD source...
BEGIN
SET
psql:/home/opc/ogg_dvd_lab/01_load_source.sql:43: NOTICE:  Appended: 1000 rentals/payments, 100 customers/addresses, 50 films, 25 actors, 200 inventory, 150 cast links, 50 category links
CALL
COMMIT
Source data load completed.
BATCH_COMMIT|289|2026-09-27T15:30:28Z
BATCH_START|290|2026-09-27T15:30:30Z
Appending 1000 rentals and payments to the SYD source...
BEGIN
SET
psql:/home/opc/ogg_dvd_lab/01_load_source.sql:43: NOTICE:  Appended: 1000 rentals/payments, 100 customers/addresses, 50 films, 25 actors, 200 inventory, 150 cast links, 50 category links
CALL
COMMIT
Source data load completed.
BATCH_COMMIT|290|2026-09-27T15:30:30Z
BATCH_START|291|2026-09-27T15:30:32Z
Appending 1000 rentals and payments to the SYD source...
BEGIN
SET
psql:/home/opc/ogg_dvd_lab/01_load_source.sql:43: NOTICE:  Appended: 1000 rentals/payments, 100 customers/addresses, 50 films, 25 actors, 200 inventory, 150 cast links, 50 category links
CALL
COMMIT
Source data load completed.
BATCH_COMMIT|291|2026-09-27T15:30:32Z
BATCH_START|292|2026-09-27T15:30:34Z
Appending 1000 rentals and payments to the SYD source...
BEGIN
SET
psql:/home/opc/ogg_dvd_lab/01_load_source.sql:43: NOTICE:  Appended: 1000 rentals/payments, 100 customers/addresses, 50 films, 25 actors, 200 inventory, 150 cast links, 50 category links
CALL
COMMIT
Source data load completed.
BATCH_COMMIT|292|2026-09-27T15:30:34Z
BATCH_START|293|2026-09-27T15:30:36Z
Appending 1000 rentals and payments to the SYD source...
BEGIN
SET
psql:/home/opc/ogg_dvd_lab/01_load_source.sql:43: NOTICE:  Appended: 1000 rentals/payments, 100 customers/addresses, 50 films, 25 actors, 200 inventory, 150 cast links, 50 category links
CALL
COMMIT
Source data load completed.
BATCH_COMMIT|293|2026-09-27T15:30:37Z
BATCH_START|294|2026-09-27T15:30:39Z
Appending 1000 rentals and payments to the SYD source...
BEGIN
SET
psql:/home/opc/ogg_dvd_lab/01_load_source.sql:43: NOTICE:  Appended: 1000 rentals/payments, 100 customers/addresses, 50 films, 25 actors, 200 inventory, 150 cast links, 50 category links
CALL
COMMIT
Source data load completed.
BATCH_COMMIT|294|2026-09-27T15:30:39Z
BATCH_START|295|2026-09-27T15:30:41Z
Appending 1000 rentals and payments to the SYD source...
BEGIN
SET
psql:/home/opc/ogg_dvd_lab/01_load_source.sql:43: NOTICE:  Appended: 1000 rentals/payments, 100 customers/addresses, 50 films, 25 actors, 200 inventory, 150 cast links, 50 category links
CALL
COMMIT
Source data load completed.
BATCH_COMMIT|295|2026-09-27T15:30:41Z
BATCH_START|296|2026-09-27T15:30:43Z
Appending 1000 rentals and payments to the SYD source...
BEGIN
SET
psql:/home/opc/ogg_dvd_lab/01_load_source.sql:43: NOTICE:  Appended: 1000 rentals/payments, 100 customers/addresses, 50 films, 25 actors, 200 inventory, 150 cast links, 50 category links
CALL
COMMIT
Source data load completed.
BATCH_COMMIT|296|2026-09-27T15:30:43Z
BATCH_START|297|2026-09-27T15:30:45Z
Appending 1000 rentals and payments to the SYD source...
BEGIN
SET
psql:/home/opc/ogg_dvd_lab/01_load_source.sql:43: NOTICE:  Appended: 1000 rentals/payments, 100 customers/addresses, 50 films, 25 actors, 200 inventory, 150 cast links, 50 category links
CALL
COMMIT
Source data load completed.
BATCH_COMMIT|297|2026-09-27T15:30:45Z
BATCH_START|298|2026-09-27T15:30:47Z
Appending 1000 rentals and payments to the SYD source...
BEGIN
SET
psql:/home/opc/ogg_dvd_lab/01_load_source.sql:43: NOTICE:  Appended: 1000 rentals/payments, 100 customers/addresses, 50 films, 25 actors, 200 inventory, 150 cast links, 50 category links
CALL
COMMIT
Source data load completed.
BATCH_COMMIT|298|2026-09-27T15:30:47Z
BATCH_START|299|2026-09-27T15:30:49Z
Appending 1000 rentals and payments to the SYD source...
BEGIN
SET
psql:/home/opc/ogg_dvd_lab/01_load_source.sql:43: NOTICE:  Appended: 1000 rentals/payments, 100 customers/addresses, 50 films, 25 actors, 200 inventory, 150 cast links, 50 category links
CALL
COMMIT
Source data load completed.
BATCH_COMMIT|299|2026-09-27T15:30:49Z
BATCH_START|300|2026-09-27T15:30:51Z
Appending 1000 rentals and payments to the SYD source...
BEGIN
SET
psql:/home/opc/ogg_dvd_lab/01_load_source.sql:43: NOTICE:  Appended: 1000 rentals/payments, 100 customers/addresses, 50 films, 25 actors, 200 inventory, 150 cast links, 50 category links
CALL
COMMIT
Source data load completed.
BATCH_COMMIT|300|2026-09-27T15:30:51Z
WRITER_STOP|300|2026-09-27T15:30:53Z
